EVENTNO,MONTH,DAY,YEAR,TIME,LATITUDE,LONGITUDE,HEADING,LEGTYPE,LEGSTAGE,WX,CLOUD,VISIBLTY,BEAUFORT,SIGHTNO,SPECCODE,IDREL,NUMBER,CONFIDNC,NUMCALF,ANHEAD,PHOTOS,BEHAV1,BEHAV2,BEHAV3,BEHAV4,BEHAV5,BEHAV6,BEHAV7,BEHAV8,BEHAV9,BEHAV10,BEHAV11,BEHAV12,BEHAV13,BEHAV14,BEHAV15,NOTES
1,7,21,2016,95425,46.66209,-61.05328833,275,5,1,C,1,5,2,,,,,,,,,,,,,,,,,,,,,,,,START WATCH FOR DAY: -  PKH-P PAD-S JCA-R  
2,7,21,2016,95438,46.662135,-61.05401,275,5,2,C,1,5,2,,,,,,,,,,,,,,,,,,,,,,,,
3,7,21,2016,95538,46.66235167,-61.05736667,274,5,2,C,1,5,2,,,,,,,,,,,,,,,,,,,,,,,,
4,7,21,2016,95638,46.66256167,-61.06074167,275,5,2,C,1,5,2,,,,,,,,,,,,,,,,,,,,,,,,
5,7,21,2016,95650,46.66260333,-61.061415,275,5,2,C,1,5,2,,,,,,,,,,,,,,,,,,,,,,,,
6,7,21,2016,95738,46.66275833,-61.06411333,275,5,2,C,1,5,2,,,,,,,,,,,,,,,,,,,,,,,,
7,7,21,2016,95838,46.66294167,-61.06749,275,5,2,C,1,5,2,,,,,,,,,,,,,,,,,,,,,,,,
8,7,21,2016,95938,46.66314333,-61.070845,275,5,2,C,1,5,2,,,,,,,,,,,,,,,,,,,,,,,,
9,7,21,2016,100038,46.663335,-61.07415833,275,5,2,C,1,5,2,,,,,,,,,,,,,,,,,,,,,,,,
10,7,21,2016,100138,46.66352,-61.07748,275,5,2,C,1,5,2,,,,,,,,,,,,,,,,,,,,,,,,
11,7,21,2016,100238,46.66372167,-61.08080833,276,5,2,C,1,5,2,,,,,,,,,,,,,,,,,,,,,,,,
12,7,21,2016,100338,46.66391833,-61.08412667,276,5,2,C,1,5,2,,,,,,,,,,,,,,,,,,,,,,,,
13,7,21,2016,100406,46.66402,-61.08567833,276,5,2,C,1,5,3,,,,,,,,,,,,,,,,,,,,,,,,
14,7,21,2016,100438,46.66413167,-61.08745167,276,5,2,C,1,5,3,,,,,,,,,,,,,,,,,,,,,,,,
15,7,21,2016,100538,46.66432667,-61.09077,275,5,2,C,1,5,3,,,,,,,,,,,,,,,,,,,,,,,,
16,7,21,2016,100638,46.66452167,-61.09408167,276,5,2,C,1,5,3,,,,,,,,,,,,,,,,,,,,,,,,
17,7,21,2016,100738,46.66474167,-61.09739,274,5,2,C,1,5,3,,,,,,,,,,,,,,,,,,,,,,,,
18,7,21,2016,100838,46.66495667,-61.10070167,276,5,2,C,1,5,3,,,,,,,,,,,,,,,,,,,,,,,,
19,7,21,2016,100938,46.66518333,-61.10398667,276,5,2,C,1,5,3,,,,,,,,,,,,,,,,,,,,,,,,
20,7,21,2016,101038,46.66540667,-61.10727333,275,5,2,C,1,5,3,,,,,,,,,,,,,,,,,,,,,,,,
21,7,21,2016,101109,46.66551,-61.108975,275,5,2,C,1,5,3,1,FG-U,9,1,0,,,1,,,,,,,,,,,,,,,,PROBABLE CRAB GEAR
22,7,21,2016,101138,46.665625,-61.11056,277,5,2,C,1,5,3,,,,,,,,,,,,,,,,,,,,,,,,
23,7,21,2016,101238,46.66584833,-61.11386,276,5,2,C,1,5,3,,,,,,,,,,,,,,,,,,,,,,,,
24,7,21,2016,101338,46.66608167,-61.11714167,277,5,2,C,1,5,3,,,,,,,,,,,,,,,,,,,,,,,,
25,7,21,2016,101438,46.666295,-61.12041167,275,5,2,C,1,5,3,,,,,,,,,,,,,,,,,,,,,,,,
26,7,21,2016,101538,46.66650167,-61.12375,274,5,2,C,1,5,3,,,,,,,,,,,,,,,,,,,,,,,,
27,7,21,2016,101559,46.666565,-61.12484,274,5,2,C,1,5,3,2,GRSE,3,1,0,,,1,,,,,,,,,,,,,,,,
28,7,21,2016,101638,46.666695,-61.12701167,276,5,2,C,1,5,3,,,,,,,,,,,,,,,,,,,,,,,,
29,7,21,2016,101738,46.66689333,-61.13025,275,5,2,C,1,5,3,,,,,,,,,,,,,,,,,,,,,,,,
30,7,21,2016,101838,46.66708,-61.13349167,275,5,2,C,1,5,3,,,,,,,,,,,,,,,,,,,,,,,,
31,7,21,2016,101938,46.66727833,-61.13672833,276,5,2,C,1,5,3,,,,,,,,,,,,,,,,,,,,,,,,
32,7,21,2016,102038,46.66747,-61.13995833,275,5,2,C,1,5,3,,,,,,,,,,,,,,,,,,,,,,,,
33,7,21,2016,102138,46.66767333,-61.14320833,276,5,2,C,1,5,3,,,,,,,,,,,,,,,,,,,,,,,,
34,7,21,2016,102238,46.66787667,-61.14647667,275,5,2,C,1,5,3,,,,,,,,,,,,,,,,,,,,,,,,
35,7,21,2016,102338,46.668075,-61.14973,276,5,2,C,1,5,3,,,,,,,,,,,,,,,,,,,,,,,,
36,7,21,2016,102438,46.66826667,-61.15296833,276,5,2,C,1,5,3,,,,,,,,,,,,,,,,,,,,,,,,
37,7,21,2016,102538,46.66844833,-61.15614,276,5,2,C,1,5,3,3,FG-U,9,2,0,,,1,,,,,,,,,,,,,,,,PROBABLE CRAB GEAR
38,7,21,2016,102538,46.66845,-61.15619333,274,5,2,C,1,5,3,,,,,,,,,,,,,,,,,,,,,,,,
39,7,21,2016,102638,46.66862667,-61.159425,275,5,2,C,1,5,3,,,,,,,,,,,,,,,,,,,,,,,,
40,7,21,2016,102738,46.668815,-61.16264833,274,5,2,C,1,5,3,,,,,,,,,,,,,,,,,,,,,,,,
41,7,21,2016,102837,46.668975,-61.16582333,274,5,2,C,1,5,3,4,FV-C,9,2,0,,,1,,,,,,,,,,,,,,,,
42,7,21,2016,102838,46.66897833,-61.16587667,275,5,2,C,1,5,3,,,,,,,,,,,,,,,,,,,,,,,,
43,7,21,2016,102848,46.66900667,-61.166365,275,5,2,C,1,5,3,5,FG-U,9,1,0,,,1,,,,,,,,,,,,,,,,PROBABLE CRAB GEAR
44,7,21,2016,102938,46.66916333,-61.16911833,275,5,2,C,1,5,3,,,,,,,,,,,,,,,,,,,,,,,,
45,7,21,2016,103038,46.669335,-61.17236167,274,5,2,C,1,5,3,,,,,,,,,,,,,,,,,,,,,,,,
46,7,21,2016,103138,46.66951333,-61.17560667,276,5,2,C,1,5,3,,,,,,,,,,,,,,,,,,,,,,,,
47,7,21,2016,103238,46.66972333,-61.17885,275,5,2,C,1,5,3,,,,,,,,,,,,,,,,,,,,,,,,
48,7,21,2016,103240,46.66972667,-61.17890333,275,5,2,C,1,5,3,6,FV-C,9,1,0,,,1,,,,,,,,,,,,,,,,
49,7,21,2016,103338,46.66994167,-61.18210667,276,5,2,C,1,5,3,,,,,,,,,,,,,,,,,,,,,,,,
50,7,21,2016,103438,46.67017667,-61.18535,276,5,2,C,1,5,3,,,,,,,,,,,,,,,,,,,,,,,,
51,7,21,2016,103539,46.67041333,-61.18860167,275,5,2,C,1,5,3,,,,,,,,,,,,,,,,,,,,,,,,
52,7,21,2016,103554,46.670475,-61.18941,275,5,2,C,1,5,3,7,FG-U,9,1,0,,,1,,,,,,,,,,,,,,,,PROBABLE CRAB GEAR
53,7,21,2016,103639,46.67063833,-61.19185,276,5,2,C,1,5,3,,,,,,,,,,,,,,,,,,,,,,,,
54,7,21,2016,103739,46.67089167,-61.19509667,277,5,2,C,1,5,3,,,,,,,,,,,,,,,,,,,,,,,,
55,7,21,2016,103835,46.67110833,-61.19812,277,5,2,C,1,5,3,8,FV-C,9,1,0,,,1,,,,,,,,,,,,,,,,
56,7,21,2016,103839,46.67112333,-61.198335,276,5,2,C,1,5,3,,,,,,,,,,,,,,,,,,,,,,,,
57,7,21,2016,103939,46.67135833,-61.20159,276,5,2,C,1,5,3,,,,,,,,,,,,,,,,,,,,,,,,
58,7,21,2016,104034,46.67158,-61.20457,276,5,2,C,1,5,3,9,FG-U,9,2,0,,,1,,,,,,,,,,,,,,,,PROBABLE CRAB GEAR
59,7,21,2016,104039,46.67159833,-61.20484333,276,5,2,C,1,5,3,,,,,,,,,,,,,,,,,,,,,,,,
60,7,21,2016,104053,46.67166167,-61.20566333,276,5,2,C,1,5,3,10,FV-C,9,2,0,,,1,,,,,,,,,,,,,,,,
61,7,21,2016,104139,46.67182833,-61.208115,275,5,2,C,1,5,3,,,,,,,,,,,,,,,,,,,,,,,,
62,7,21,2016,104227,46.67201667,-61.21072167,275,5,2,C,1,5,3,11,FV-C,9,1,0,,,1,,,,,,,,,,,,,,,,
63,7,21,2016,104229,46.672025,-61.21088333,275,5,2,C,1,5,3,12,FG-U,9,5,0,,,1,,,,,,,,,,,,,,,,PROBABLE CRAB GEAR
64,7,21,2016,104239,46.67206167,-61.21137333,276,5,2,C,1,5,3,,,,,,,,,,,,,,,,,,,,,,,,
65,7,21,2016,104303,46.67214833,-61.21268333,276,5,2,C,1,5,3,13,FV-C,9,1,0,,,1,,,,,,,,,,,,,,,,
66,7,21,2016,104339,46.67227167,-61.214655,275,5,2,C,1,5,3,,,,,,,,,,,,,,,,,,,,,,,,
67,7,21,2016,104439,46.67250333,-61.217945,277,5,2,C,1,5,3,,,,,,,,,,,,,,,,,,,,,,,,
68,7,21,2016,104534,46.67268833,-61.22096,277,5,2,C,1,5,3,14,FG-U,9,2,0,,,1,,,,,,,,,,,,,,,,PROBABLE CRAB GEAR
69,7,21,2016,104539,46.67270333,-61.22123667,275,5,2,C,1,5,3,,,,,,,,,,,,,,,,,,,,,,,,
70,7,21,2016,104543,46.67271667,-61.221455,275,5,2,C,1,5,3,15,FG-U,9,1,0,,,1,,,,,,,,,,,,,,,,PROBABLE CRAB GEAR
71,7,21,2016,104639,46.67290833,-61.22451667,275,5,2,C,1,5,3,,,,,,,,,,,,,,,,,,,,,,,,
72,7,21,2016,104739,46.67311667,-61.227785,275,5,2,C,1,5,3,,,,,,,,,,,,,,,,,,,,,,,,
73,7,21,2016,104829,46.67329667,-61.23056667,275,5,2,C,1,5,3,16,FG-U,9,2,0,,,1,,,,,,,,,,,,,,,,PROBABLE CRAB GEAR
74,7,21,2016,104839,46.67332833,-61.23105333,275,5,2,C,1,5,3,,,,,,,,,,,,,,,,,,,,,,,,
75,7,21,2016,104906,46.67342,-61.23252333,275,5,2,C,1,5,3,17,FG-U,9,1,0,,,1,,,,,,,,,,,,,,,,PROBABLE CRAB GEAR
76,7,21,2016,104939,46.67354333,-61.23432667,275,5,2,C,1,5,3,,,,,,,,,,,,,,,,,,,,,,,,
77,7,21,2016,105039,46.67375667,-61.23758,276,5,2,C,1,5,3,,,,,,,,,,,,,,,,,,,,,,,,
78,7,21,2016,105139,46.673985,-61.24086167,277,5,2,C,1,5,3,,,,,,,,,,,,,,,,,,,,,,,,
79,7,21,2016,105217,46.67410667,-61.24299,277,5,2,C,1,5,3,18,FG-U,9,1,0,,,1,,,,,,,,,,,,,,,,PROBABLE CRAB GEAR
80,7,21,2016,105239,46.67417333,-61.244135,275,5,2,C,1,5,3,,,,,,,,,,,,,,,,,,,,,,,,
81,7,21,2016,105339,46.67437667,-61.247415,275,5,2,C,1,5,3,,,,,,,,,,,,,,,,,,,,,,,,
82,7,21,2016,105439,46.67457667,-61.25069333,274,5,2,C,1,5,3,,,,,,,,,,,,,,,,,,,,,,,,
83,7,21,2016,105539,46.674745,-61.25395833,274,5,2,C,1,5,3,,,,,,,,,,,,,,,,,,,,,,,,
84,7,21,2016,105539,46.67474667,-61.25401167,274,5,2,C,1,5,3,19,FV-C,9,1,0,,,1,,,,,,,,,,,,,,,,
85,7,21,2016,105639,46.674975,-61.25723333,278,5,2,C,1,5,3,,,,,,,,,,,,,,,,,,,,,,,,
86,7,21,2016,105739,46.67526,-61.26050833,277,5,2,C,1,5,3,,,,,,,,,,,,,,,,,,,,,,,,
87,7,21,2016,105839,46.67554,-61.26385,277,5,2,C,1,5,3,,,,,,,,,,,,,,,,,,,,,,,,
88,7,21,2016,105920,46.67570833,-61.26603333,277,5,2,C,1,5,3,20,FG-U,9,1,0,,,1,,,,,,,,,,,,,,,,PROBABLE CRAB GEAR
89,7,21,2016,105939,46.6758,-61.26712167,276,5,2,C,1,5,3,,,,,,,,,,,,,,,,,,,,,,,,
90,7,21,2016,110024,46.676005,-61.26957833,276,5,2,C,1,5,3,,,,,,,,,,,,,,,,,,,,,,,,W/C KRH-S DDM-P PKH-R
91,7,21,2016,110039,46.67607667,-61.27039833,278,5,2,C,1,5,3,,,,,,,,,,,,,,,,,,,,,,,,
92,7,21,2016,110139,46.67634833,-61.27366333,277,5,2,C,1,5,3,,,,,,,,,,,,,,,,,,,,,,,,
93,7,21,2016,110223,46.67654667,-61.27606667,277,5,2,C,1,5,3,21,FG-U,9,1,0,,,1,,,,,,,,,,,,,,,,PROBABLE CRAB GEAR
94,7,21,2016,110239,46.67662,-61.27693667,277,5,2,C,1,5,3,,,,,,,,,,,,,,,,,,,,,,,,
95,7,21,2016,110339,46.67687833,-61.28022,277,5,2,C,1,5,3,,,,,,,,,,,,,,,,,,,,,,,,
96,7,21,2016,110358,46.67696833,-61.281255,277,5,2,C,1,5,3,22,FG-U,9,1,0,,,1,,,,,,,,,,,,,,,,PROBABLE CRAB GEAR
97,7,21,2016,110400,46.67697667,-61.281365,277,5,2,C,1,5,3,23,FG-U,9,1,0,,,1,,,,,,,,,,,,,,,,PROBABLE CRAB GEAR
98,7,21,2016,110439,46.67714167,-61.283485,277,5,2,C,1,5,3,,,,,,,,,,,,,,,,,,,,,,,,
99,7,21,2016,110511,46.67727333,-61.28521833,277,5,2,C,1,5,3,24,FG-U,9,1,0,,,1,,,,,,,,,,,,,,,,PROBABLE CRAB GEAR
100,7,21,2016,110539,46.67739667,-61.286735,278,5,2,C,1,5,3,,,,,,,,,,,,,,,,,,,,,,,,
101,7,21,2016,110639,46.67765167,-61.28999333,278,5,2,C,1,5,3,,,,,,,,,,,,,,,,,,,,,,,,
102,7,21,2016,110719,46.67782,-61.292165,278,5,2,C,1,5,3,25,FG-U,9,1,0,,,1,,,,,,,,,,,,,,,,PROBABLE CRAB GEAR
103,7,21,2016,110739,46.67790167,-61.29325167,276,5,2,C,1,5,3,,,,,,,,,,,,,,,,,,,,,,,,
104,7,21,2016,110812,46.678045,-61.29503833,276,5,2,C,1,5,3,26,FV-C,9,1,0,,,1,,,,,,,,,,,,,,,,
105,7,21,2016,110839,46.678155,-61.29649667,275,5,2,C,1,5,3,,,,,,,,,,,,,,,,,,,,,,,,
106,7,21,2016,110844,46.67816833,-61.29671333,275,5,2,C,1,5,3,27,FV-C,9,1,0,,,1,,,,,,,,,,,,,,,,
107,7,21,2016,110905,46.67825167,-61.29789833,275,5,2,C,1,5,3,28,FG-U,9,1,0,,,1,,,,,,,,,,,,,,,,PROBABLE CRAB GEAR
108,7,21,2016,110939,46.67839833,-61.29973833,276,5,2,C,1,5,3,,,,,,,,,,,,,,,,,,,,,,,,
109,7,21,2016,111039,46.67864,-61.302975,277,5,2,C,1,5,3,,,,,,,,,,,,,,,,,,,,,,,,
110,7,21,2016,111132,46.67885,-61.30584667,277,5,2,C,1,5,3,29,FG-U,9,1,0,,,1,,,,,,,,,,,,,,,,PROBABLE CRAB GEAR
111,7,21,2016,111139,46.67887833,-61.30622333,277,5,2,C,1,5,3,,,,,,,,,,,,,,,,,,,,,,,,
112,7,21,2016,111237,46.67913,-61.30936167,277,5,2,C,1,5,3,30,FV-C,9,1,0,,,1,,,,,,,,,,,,,,,,
113,7,21,2016,111239,46.67914,-61.30947,278,5,2,C,1,5,3,,,,,,,,,,,,,,,,,,,,,,,,
114,7,21,2016,111339,46.67939167,-61.31271833,277,5,2,C,1,5,3,,,,,,,,,,,,,,,,,,,,,,,,
115,7,21,2016,111439,46.67963667,-61.31600167,276,5,2,C,1,5,3,,,,,,,,,,,,,,,,,,,,,,,,
116,7,21,2016,111444,46.67966,-61.316275,276,5,2,C,1,5,3,31,FG-U,9,1,0,,,1,,,,,,,,,,,,,,,,PROBABLE CRAB GEAR
117,7,21,2016,111539,46.67988333,-61.31926,275,5,2,C,1,5,3,,,,,,,,,,,,,,,,,,,,,,,,
118,7,21,2016,111547,46.67991333,-61.31969833,275,5,2,C,1,5,3,32,FG-U,9,1,0,,,1,,,,,,,,,,,,,,,,PROBABLE CRAB GEAR
119,7,21,2016,111639,46.68014833,-61.32254,278,5,2,C,1,5,3,,,,,,,,,,,,,,,,,,,,,,,,
120,7,21,2016,111717,46.68031667,-61.324615,278,5,2,C,1,5,3,33,FV-C,9,1,0,,,1,,,,,,,,,,,,,,,,
121,7,21,2016,111739,46.6804,-61.32581667,277,5,2,C,1,5,3,,,,,,,,,,,,,,,,,,,,,,,,
122,7,21,2016,111826,46.6806,-61.32840167,277,5,2,C,1,5,3,34,FG-U,9,1,0,,,1,,,,,,,,,,,,,,,,PROBABLE CRAB GEAR
123,7,21,2016,111839,46.68065833,-61.32911333,276,5,2,C,1,5,3,,,,,,,,,,,,,,,,,,,,,,,,
124,7,21,2016,111854,46.68072167,-61.329925,276,5,2,C,1,5,3,35,FG-U,9,1,0,,,1,,,,,,,,,,,,,,,,PROBABLE CRAB GEAR
125,7,21,2016,111932,46.68088833,-61.33194,276,5,2,C,1,5,3,36,FG-U,9,1,0,,,1,,,,,,,,,,,,,,,,PROBABLE CRAB GEAR
126,7,21,2016,111939,46.68092333,-61.33238167,277,5,2,C,1,5,3,,,,,,,,,,,,,,,,,,,,,,,,
127,7,21,2016,112039,46.68116167,-61.33568167,276,5,2,C,1,5,3,,,,,,,,,,,,,,,,,,,,,,,,
128,7,21,2016,112053,46.68123833,-61.33643167,276,5,2,C,1,5,3,37,FG-U,9,1,0,,,1,,,,,,,,,,,,,,,,PROBABLE CRAB GEAR
129,7,21,2016,112139,46.68145,-61.338945,277,5,2,C,1,5,3,,,,,,,,,,,,,,,,,,,,,,,,
130,7,21,2016,112229,46.68166833,-61.34168333,277,5,2,C,1,5,3,38,FG-U,9,1,0,,,1,,,,,,,,,,,,,,,,PROBABLE CRAB GEAR
131,7,21,2016,112239,46.68171667,-61.342235,277,5,2,C,1,5,3,,,,,,,,,,,,,,,,,,,,,,,,
132,7,21,2016,112249,46.68176167,-61.34279,277,5,2,C,1,5,3,39,FG-U,9,1,0,,,1,,,,,,,,,,,,,,,,PROBABLE CRAB GEAR
133,7,21,2016,112331,46.68195333,-61.34511167,277,5,2,C,1,5,3,40,FV-C,9,1,0,,,1,,,,,,,,,,,,,,,,
134,7,21,2016,112339,46.68199,-61.34555333,277,5,2,C,1,5,3,,,,,,,,,,,,,,,,,,,,,,,,
135,7,21,2016,112341,46.68199833,-61.34566333,277,5,2,C,1,5,3,41,FG-U,9,1,0,,,1,,,,,,,,,,,,,,,,PROBABLE CRAB GEAR
136,7,21,2016,112430,46.68221333,-61.348375,277,5,2,C,1,5,3,42,FG-U,9,1,0,,,1,,,,,,,,,,,,,,,,PROBABLE CRAB GEAR
137,7,21,2016,112439,46.682255,-61.34887333,277,5,2,C,1,5,3,,,,,,,,,,,,,,,,,,,,,,,,
138,7,21,2016,112539,46.682525,-61.35219167,277,5,2,C,1,5,3,,,,,,,,,,,,,,,,,,,,,,,,
139,7,21,2016,112542,46.68253833,-61.35236,277,5,2,C,1,5,3,43,FG-U,9,1,0,,,1,,,,,,,,,,,,,,,,PROBABLE CRAB GEAR
140,7,21,2016,112551,46.68257333,-61.35286333,277,5,2,C,1,5,3,44,FV-C,9,1,0,,,1,,,,,,,,,,,,,,,,
141,7,21,2016,112628,46.68273833,-61.35491667,277,5,2,C,1,5,3,45,FG-U,9,1,0,,,1,,,,,,,,,,,,,,,,PROBABLE CRAB GEAR
142,7,21,2016,112639,46.68279667,-61.35552833,277,5,2,C,1,5,3,,,,,,,,,,,,,,,,,,,,,,,,
143,7,21,2016,112656,46.68286333,-61.35648,277,5,2,C,1,5,3,46,FG-U,9,1,0,,,1,,,,,,,,,,,,,,,,PROBABLE CRAB GEAR
144,7,21,2016,112724,46.68298667,-61.35805167,277,5,2,C,1,5,3,47,FV-C,9,1,0,,,1,,,,,,,,,,,,,,,,
145,7,21,2016,112739,46.68305,-61.35888167,276,5,2,C,1,5,3,,,,,,,,,,,,,,,,,,,,,,,,
146,7,21,2016,112839,46.68332333,-61.36224167,276,5,2,C,1,5,3,,,,,,,,,,,,,,,,,,,,,,,,
147,7,21,2016,112939,46.68359333,-61.36558,278,5,2,C,1,5,3,,,,,,,,,,,,,,,,,,,,,,,,
148,7,21,2016,113021,46.68376833,-61.36791333,278,5,2,C,1,5,3,48,FV-C,9,1,0,,,1,,,,,,,,,,,,,,,,
149,7,21,2016,113039,46.68383833,-61.368925,276,5,2,C,1,5,3,,,,,,,,,,,,,,,,,,,,,,,,
150,7,21,2016,113139,46.68409333,-61.37228167,276,5,2,C,1,5,3,,,,,,,,,,,,,,,,,,,,,,,,
151,7,21,2016,113239,46.68435333,-61.37564,276,5,2,C,1,5,3,,,,,,,,,,,,,,,,,,,,,,,,
152,7,21,2016,113339,46.68459833,-61.37901,276,5,2,C,1,5,3,,,,,,,,,,,,,,,,,,,,,,,,
153,7,21,2016,113439,46.684835,-61.382395,277,5,2,C,1,5,3,,,,,,,,,,,,,,,,,,,,,,,,
154,7,21,2016,113539,46.68507667,-61.38577167,276,5,2,C,1,5,3,,,,,,,,,,,,,,,,,,,,,,,,
155,7,21,2016,113639,46.68531333,-61.389155,275,5,2,C,1,5,3,,,,,,,,,,,,,,,,,,,,,,,,
156,7,21,2016,113722,46.685455,-61.39157667,275,5,2,C,1,5,3,49,FV-C,9,1,0,,,1,,,,,,,,,,,,,,,,
157,7,21,2016,113739,46.68552,-61.39254167,276,5,2,C,1,5,3,,,,,,,,,,,,,,,,,,,,,,,,
158,7,21,2016,113839,46.685755,-61.39593167,275,5,2,C,1,5,3,,,,,,,,,,,,,,,,,,,,,,,,
159,7,21,2016,113939,46.68596333,-61.39932167,275,5,2,C,1,5,3,,,,,,,,,,,,,,,,,,,,,,,,
160,7,21,2016,114039,46.68617333,-61.40268833,275,5,2,C,1,5,3,,,,,,,,,,,,,,,,,,,,,,,,
161,7,21,2016,114139,46.68637167,-61.40610667,275,5,2,C,1,5,3,,,,,,,,,,,,,,,,,,,,,,,,
162,7,21,2016,114146,46.68639667,-61.40650333,275,5,2,C,1,5,3,50,FV-C,9,1,0,,,1,,,,,,,,,,,,,,,,
163,7,21,2016,114239,46.68657,-61.40947333,275,5,2,C,1,5,3,,,,,,,,,,,,,,,,,,,,,,,,
164,7,21,2016,114339,46.686755,-61.41285833,274,5,2,C,1,5,3,,,,,,,,,,,,,,,,,,,,,,,,
165,7,21,2016,114439,46.686915,-61.416255,274,5,2,C,1,5,3,,,,,,,,,,,,,,,,,,,,,,,,
166,7,21,2016,114539,46.68707,-61.41962167,275,5,2,C,1,5,3,,,,,,,,,,,,,,,,,,,,,,,,
167,7,21,2016,114639,46.68722333,-61.42300833,275,5,2,C,1,5,3,,,,,,,,,,,,,,,,,,,,,,,,
168,7,21,2016,114739,46.68739,-61.42638167,273,5,2,C,1,5,3,,,,,,,,,,,,,,,,,,,,,,,,
169,7,21,2016,114839,46.68752667,-61.42975667,274,5,2,C,1,5,3,,,,,,,,,,,,,,,,,,,,,,,,
170,7,21,2016,114940,46.68768833,-61.433135,275,5,2,C,1,5,3,,,,,,,,,,,,,,,,,,,,,,,,
171,7,21,2016,115040,46.68783,-61.43650667,274,5,2,C,1,5,3,,,,,,,,,,,,,,,,,,,,,,,,
172,7,21,2016,115140,46.687965,-61.43989333,274,5,2,C,1,5,3,,,,,,,,,,,,,,,,,,,,,,,,
173,7,21,2016,115240,46.68811167,-61.44326833,273,5,2,C,1,5,3,,,,,,,,,,,,,,,,,,,,,,,,
174,7,21,2016,115340,46.68825833,-61.44662333,273,5,2,C,1,5,3,,,,,,,,,,,,,,,,,,,,,,,,
175,7,21,2016,115440,46.688405,-61.449955,273,5,2,C,1,5,3,,,,,,,,,,,,,,,,,,,,,,,,
176,7,21,2016,115540,46.68854333,-61.45335667,273,5,2,C,1,5,3,,,,,,,,,,,,,,,,,,,,,,,,
177,7,21,2016,115640,46.68867167,-61.45673167,273,5,2,C,1,5,3,,,,,,,,,,,,,,,,,,,,,,,,
178,7,21,2016,115740,46.68881667,-61.460125,273,5,2,C,1,5,3,,,,,,,,,,,,,,,,,,,,,,,,
179,7,21,2016,115840,46.68896667,-61.46348667,273,5,2,C,1,5,3,,,,,,,,,,,,,,,,,,,,,,,,
180,7,21,2016,115940,46.689095,-61.46687833,274,5,2,C,1,5,3,,,,,,,,,,,,,,,,,,,,,,,,
181,7,21,2016,120032,46.68922833,-61.469865,274,5,2,C,1,5,3,,,,,,,,,,,,,,,,,,,,,,,,"W/C PAD-P, JCA- S, DMM-R"
182,7,21,2016,120040,46.68923667,-61.470265,272,5,2,C,1,5,3,,,,,,,,,,,,,,,,,,,,,,,,
183,7,21,2016,120140,46.68935167,-61.47369167,273,5,2,C,1,5,3,,,,,,,,,,,,,,,,,,,,,,,,
184,7,21,2016,120240,46.68945333,-61.47711,273,5,2,C,1,5,3,,,,,,,,,,,,,,,,,,,,,,,,
185,7,21,2016,120340,46.68954667,-61.480505,272,5,2,C,1,5,3,,,,,,,,,,,,,,,,,,,,,,,,
186,7,21,2016,120440,46.68961667,-61.483895,272,5,2,C,1,5,3,,,,,,,,,,,,,,,,,,,,,,,,
187,7,21,2016,120540,46.68975667,-61.48730667,274,5,2,C,1,5,3,,,,,,,,,,,,,,,,,,,,,,,,
188,7,21,2016,120640,46.68994167,-61.49067667,274,5,2,C,1,5,3,,,,,,,,,,,,,,,,,,,,,,,,
189,7,21,2016,120740,46.69011667,-61.49406667,274,5,2,C,1,5,3,,,,,,,,,,,,,,,,,,,,,,,,
190,7,21,2016,120840,46.69036167,-61.497425,277,5,2,C,1,5,3,,,,,,,,,,,,,,,,,,,,,,,,
191,7,21,2016,120940,46.690655,-61.50077833,277,5,2,C,1,5,3,,,,,,,,,,,,,,,,,,,,,,,,
192,7,21,2016,121040,46.690955,-61.50414,277,5,2,C,1,5,3,,,,,,,,,,,,,,,,,,,,,,,,
193,7,21,2016,121115,46.69115333,-61.50608833,277,5,2,C,1,5,4,,,,,,,,,,,,,,,,,,,,,,,,
194,7,21,2016,121140,46.69126167,-61.50748333,277,5,2,C,1,5,4,,,,,,,,,,,,,,,,,,,,,,,,
195,7,21,2016,121240,46.691535,-61.51082833,278,5,2,C,1,5,4,,,,,,,,,,,,,,,,,,,,,,,,
196,7,21,2016,121340,46.69181667,-61.51416167,277,5,2,C,1,5,4,,,,,,,,,,,,,,,,,,,,,,,,
197,7,21,2016,121425,46.69200833,-61.51667333,277,5,2,C,1,5,4,51,FG-U,9,1,0,,,1,,,,,,,,,,,,,,,,PROBABLE CRAB GEAR
198,7,21,2016,121440,46.69208167,-61.51750167,278,5,2,C,1,5,4,,,,,,,,,,,,,,,,,,,,,,,,
199,7,21,2016,121540,46.69237167,-61.52084333,278,5,2,C,1,5,4,,,,,,,,,,,,,,,,,,,,,,,,
200,7,21,2016,121549,46.692425,-61.52139667,278,5,2,C,1,5,4,52,FG-U,9,1,0,,,1,,,,,,,,,,,,,,,,PROBABLE CRAB GEAR
201,7,21,2016,121557,46.692455,-61.52184833,278,5,2,C,1,5,4,53,FG-U,9,1,0,,,1,,,,,,,,,,,,,,,,PROBABLE CRAB GEAR
202,7,21,2016,121640,46.69265167,-61.524205,277,5,2,C,1,5,4,,,,,,,,,,,,,,,,,,,,,,,,
203,7,21,2016,121706,46.69277833,-61.52565833,277,5,2,C,1,5,4,54,FG-U,9,1,0,,,1,,,,,,,,,,,,,,,,PROBABLE CRAB GEAR
204,7,21,2016,121740,46.69293333,-61.52757667,277,5,2,C,1,5,4,,,,,,,,,,,,,,,,,,,,,,,,
205,7,21,2016,121840,46.69321833,-61.53092333,277,5,2,C,1,5,4,,,,,,,,,,,,,,,,,,,,,,,,
206,7,21,2016,121940,46.69351333,-61.53427,277,5,2,C,1,5,4,,,,,,,,,,,,,,,,,,,,,,,,
207,7,21,2016,122040,46.693805,-61.53762333,277,5,2,C,1,5,4,,,,,,,,,,,,,,,,,,,,,,,,
208,7,21,2016,122140,46.69412333,-61.54095167,277,5,2,C,1,5,4,,,,,,,,,,,,,,,,,,,,,,,,
209,7,21,2016,122240,46.69446833,-61.54428,279,5,2,C,1,5,4,,,,,,,,,,,,,,,,,,,,,,,,
210,7,21,2016,122340,46.69479833,-61.547645,278,5,2,C,1,5,4,,,,,,,,,,,,,,,,,,,,,,,,
211,7,21,2016,122440,46.69515833,-61.550965,279,5,2,C,1,5,4,,,,,,,,,,,,,,,,,,,,,,,,
212,7,21,2016,122540,46.69551167,-61.55429833,279,5,2,C,1,5,4,,,,,,,,,,,,,,,,,,,,,,,,
213,7,21,2016,122640,46.69586,-61.55761,280,5,2,C,1,5,4,,,,,,,,,,,,,,,,,,,,,,,,
214,7,21,2016,122740,46.69618833,-61.56093333,277,5,2,C,1,5,4,,,,,,,,,,,,,,,,,,,,,,,,
215,7,21,2016,122840,46.696525,-61.56426667,279,5,2,C,1,5,4,,,,,,,,,,,,,,,,,,,,,,,,
216,7,21,2016,122940,46.69685,-61.56759667,278,5,2,C,1,5,4,,,,,,,,,,,,,,,,,,,,,,,,
217,7,21,2016,123040,46.69716667,-61.57092333,278,5,2,C,1,5,4,,,,,,,,,,,,,,,,,,,,,,,,
218,7,21,2016,123140,46.69747667,-61.57424333,279,5,2,C,1,5,4,,,,,,,,,,,,,,,,,,,,,,,,
219,7,21,2016,123240,46.697765,-61.577575,278,5,2,C,1,5,4,,,,,,,,,,,,,,,,,,,,,,,,
220,7,21,2016,123340,46.69805833,-61.58091,278,5,2,C,1,5,4,,,,,,,,,,,,,,,,,,,,,,,,
221,7,21,2016,123343,46.69806833,-61.58102167,278,5,2,C,1,5,4,55,TUNS,2,2,0,,,1,,,,,,,,,,,,,,,,
222,7,21,2016,123440,46.69835167,-61.58423667,278,5,2,C,1,5,4,,,,,,,,,,,,,,,,,,,,,,,,
223,7,21,2016,123540,46.69863167,-61.58753333,277,5,2,C,1,5,4,,,,,,,,,,,,,,,,,,,,,,,,
224,7,21,2016,123640,46.69892667,-61.59084333,278,5,2,C,1,5,4,,,,,,,,,,,,,,,,,,,,,,,,
225,7,21,2016,123740,46.69922,-61.594155,277,5,2,C,1,5,4,,,,,,,,,,,,,,,,,,,,,,,,
226,7,21,2016,123840,46.69948667,-61.59747833,277,5,2,C,1,5,4,,,,,,,,,,,,,,,,,,,,,,,,
227,7,21,2016,123940,46.699755,-61.60078333,276,5,2,C,1,5,4,,,,,,,,,,,,,,,,,,,,,,,,
228,7,21,2016,124040,46.70001667,-61.60405333,278,5,2,C,1,5,4,,,,,,,,,,,,,,,,,,,,,,,,
229,7,21,2016,124140,46.70027833,-61.60735167,276,5,2,C,1,5,4,,,,,,,,,,,,,,,,,,,,,,,,
230,7,21,2016,124240,46.70052333,-61.61065833,276,5,2,C,1,5,4,,,,,,,,,,,,,,,,,,,,,,,,
231,7,21,2016,124340,46.700805,-61.613965,277,5,2,C,1,5,4,,,,,,,,,,,,,,,,,,,,,,,,
232,7,21,2016,124440,46.70109,-61.61727667,277,5,2,C,1,5,4,,,,,,,,,,,,,,,,,,,,,,,,
233,7,21,2016,124540,46.701355,-61.62057333,277,5,2,C,1,5,4,,,,,,,,,,,,,,,,,,,,,,,,
234,7,21,2016,124640,46.70162167,-61.62389,277,5,2,C,1,5,4,,,,,,,,,,,,,,,,,,,,,,,,
235,7,21,2016,124740,46.701895,-61.62719167,277,5,2,C,1,5,4,,,,,,,,,,,,,,,,,,,,,,,,
236,7,21,2016,124840,46.70217833,-61.630475,277,5,2,C,1,5,4,,,,,,,,,,,,,,,,,,,,,,,,
237,7,21,2016,124940,46.70244333,-61.63377,277,5,2,C,1,5,4,,,,,,,,,,,,,,,,,,,,,,,,
238,7,21,2016,125040,46.70271167,-61.63706833,276,5,2,C,1,5,4,,,,,,,,,,,,,,,,,,,,,,,,
239,7,21,2016,125140,46.70298667,-61.64034833,277,5,2,C,1,5,4,,,,,,,,,,,,,,,,,,,,,,,,
240,7,21,2016,125240,46.70327,-61.64367,277,5,2,C,1,5,4,,,,,,,,,,,,,,,,,,,,,,,,
241,7,21,2016,125340,46.70352667,-61.64697333,276,5,2,C,1,5,4,,,,,,,,,,,,,,,,,,,,,,,,
242,7,21,2016,125440,46.70382,-61.65026,277,5,2,C,1,5,4,,,,,,,,,,,,,,,,,,,,,,,,
243,7,21,2016,125540,46.70410333,-61.65353333,277,5,2,C,1,5,4,,,,,,,,,,,,,,,,,,,,,,,,
244,7,21,2016,125640,46.70439167,-61.65680167,277,5,2,C,1,5,4,,,,,,,,,,,,,,,,,,,,,,,,
245,7,21,2016,125740,46.70468667,-61.66006667,276,5,2,C,1,5,4,,,,,,,,,,,,,,,,,,,,,,,,
246,7,21,2016,125840,46.70494667,-61.66330667,278,5,2,C,1,5,4,,,,,,,,,,,,,,,,,,,,,,,,
247,7,21,2016,125940,46.70523167,-61.66656167,277,5,2,C,1,5,4,,,,,,,,,,,,,,,,,,,,,,,,
248,7,21,2016,125959,46.705315,-61.66758833,277,5,2,C,1,5,4,,,,,,,,,,,,,,,,,,,,,,,,"W/C KRH-P, PKH-S, PAD-R - "
249,7,21,2016,130040,46.70552,-61.66981333,278,5,2,C,1,5,4,,,,,,,,,,,,,,,,,,,,,,,,
250,7,21,2016,130140,46.70577833,-61.673055,277,5,2,C,1,5,4,,,,,,,,,,,,,,,,,,,,,,,,
251,7,21,2016,130240,46.70608167,-61.67631667,276,5,2,C,1,5,4,,,,,,,,,,,,,,,,,,,,,,,,
252,7,21,2016,130341,46.70638,-61.67960167,276,5,2,C,1,5,4,,,,,,,,,,,,,,,,,,,,,,,,
253,7,21,2016,130441,46.706685,-61.68285,278,5,2,C,1,5,4,,,,,,,,,,,,,,,,,,,,,,,,
254,7,21,2016,130541,46.70700167,-61.6861,277,5,2,C,1,5,4,,,,,,,,,,,,,,,,,,,,,,,,
255,7,21,2016,130641,46.70729,-61.689375,278,5,2,C,1,5,4,,,,,,,,,,,,,,,,,,,,,,,,
256,7,21,2016,130741,46.70760167,-61.69264667,278,5,2,C,1,5,4,,,,,,,,,,,,,,,,,,,,,,,,
257,7,21,2016,130841,46.70790667,-61.69589833,277,5,2,C,1,5,4,,,,,,,,,,,,,,,,,,,,,,,,
258,7,21,2016,130941,46.70820167,-61.69913667,278,5,2,C,1,5,4,,,,,,,,,,,,,,,,,,,,,,,,
259,7,21,2016,131041,46.70852333,-61.70238,277,5,2,C,1,5,4,,,,,,,,,,,,,,,,,,,,,,,,
260,7,21,2016,131141,46.70883333,-61.70563167,278,5,2,C,1,5,4,,,,,,,,,,,,,,,,,,,,,,,,
261,7,21,2016,131241,46.70912667,-61.708885,277,5,2,C,1,5,4,,,,,,,,,,,,,,,,,,,,,,,,
262,7,21,2016,131341,46.70941833,-61.71214333,277,5,2,C,1,5,4,,,,,,,,,,,,,,,,,,,,,,,,
263,7,21,2016,131441,46.709715,-61.71539833,277,5,2,C,1,5,4,,,,,,,,,,,,,,,,,,,,,,,,
264,7,21,2016,131541,46.71003167,-61.71865667,278,5,2,C,1,5,4,,,,,,,,,,,,,,,,,,,,,,,,
265,7,21,2016,131641,46.71032,-61.72190833,278,5,2,C,1,5,4,,,,,,,,,,,,,,,,,,,,,,,,
266,7,21,2016,131741,46.71062667,-61.72518167,278,5,2,C,1,5,4,,,,,,,,,,,,,,,,,,,,,,,,
267,7,21,2016,131841,46.71093333,-61.72844333,278,5,2,C,1,5,4,,,,,,,,,,,,,,,,,,,,,,,,
268,7,21,2016,131941,46.71124833,-61.7317,278,5,2,C,1,5,4,,,,,,,,,,,,,,,,,,,,,,,,
269,7,21,2016,132041,46.71155667,-61.73495,280,5,2,C,1,5,4,,,,,,,,,,,,,,,,,,,,,,,,
270,7,21,2016,132141,46.71185,-61.73821333,278,5,2,C,1,5,4,,,,,,,,,,,,,,,,,,,,,,,,
271,7,21,2016,132241,46.71214,-61.74145833,278,5,2,C,1,5,4,,,,,,,,,,,,,,,,,,,,,,,,
272,7,21,2016,132341,46.71244333,-61.74471833,277,5,2,C,1,5,4,,,,,,,,,,,,,,,,,,,,,,,,
273,7,21,2016,132441,46.71272833,-61.74797167,279,5,2,C,1,5,4,,,,,,,,,,,,,,,,,,,,,,,,
274,7,21,2016,132541,46.71302333,-61.75123833,278,5,2,C,1,5,4,,,,,,,,,,,,,,,,,,,,,,,,
275,7,21,2016,132641,46.71332,-61.75450333,278,5,2,C,1,5,4,,,,,,,,,,,,,,,,,,,,,,,,
276,7,21,2016,132741,46.71362333,-61.75775333,279,5,2,C,1,5,4,,,,,,,,,,,,,,,,,,,,,,,,
277,7,21,2016,132841,46.71393667,-61.76096333,278,5,2,C,1,5,4,,,,,,,,,,,,,,,,,,,,,,,,
278,7,21,2016,132941,46.71426833,-61.764195,279,5,2,C,1,5,4,,,,,,,,,,,,,,,,,,,,,,,,
279,7,21,2016,133041,46.71462,-61.767425,279,5,2,C,1,5,4,,,,,,,,,,,,,,,,,,,,,,,,
280,7,21,2016,133141,46.71496833,-61.77068,278,5,2,C,1,5,4,,,,,,,,,,,,,,,,,,,,,,,,
281,7,21,2016,133241,46.71530833,-61.77394333,279,5,2,C,1,5,4,,,,,,,,,,,,,,,,,,,,,,,,
282,7,21,2016,133341,46.71560833,-61.77722333,276,5,2,C,1,5,4,,,,,,,,,,,,,,,,,,,,,,,,
283,7,21,2016,133441,46.71586667,-61.78050333,277,5,2,C,1,5,4,,,,,,,,,,,,,,,,,,,,,,,,
284,7,21,2016,133541,46.71612333,-61.78377333,277,5,2,C,1,5,4,,,,,,,,,,,,,,,,,,,,,,,,
285,7,21,2016,133641,46.71640333,-61.78704833,278,5,2,C,1,5,4,,,,,,,,,,,,,,,,,,,,,,,,
286,7,21,2016,133741,46.71664,-61.79031667,276,5,2,C,1,5,4,,,,,,,,,,,,,,,,,,,,,,,,
287,7,21,2016,133805,46.71676,-61.79160167,276,5,2,C,1,5,4,56,FE-S,9,1,0,,,1,,,,,,,,,,,,,,,,
288,7,21,2016,133841,46.716905,-61.79356833,277,5,2,C,1,5,4,,,,,,,,,,,,,,,,,,,,,,,,
289,7,21,2016,133941,46.71713833,-61.79679667,277,5,2,C,1,5,4,,,,,,,,,,,,,,,,,,,,,,,,
290,7,21,2016,134041,46.71740333,-61.80007833,276,5,2,C,1,5,4,,,,,,,,,,,,,,,,,,,,,,,,
291,7,21,2016,134141,46.71765,-61.803345,276,5,2,C,1,5,4,,,,,,,,,,,,,,,,,,,,,,,,
292,7,21,2016,134241,46.71789833,-61.80658167,277,5,2,C,1,5,4,,,,,,,,,,,,,,,,,,,,,,,,
293,7,21,2016,134341,46.71814167,-61.80983833,276,5,2,C,1,5,4,,,,,,,,,,,,,,,,,,,,,,,,
294,7,21,2016,134441,46.71840333,-61.81309333,276,5,2,C,1,5,4,,,,,,,,,,,,,,,,,,,,,,,,
295,7,21,2016,134541,46.71866,-61.81632667,276,5,2,C,1,5,4,,,,,,,,,,,,,,,,,,,,,,,,
296,7,21,2016,134641,46.71892667,-61.81961167,277,5,2,C,1,5,4,,,,,,,,,,,,,,,,,,,,,,,,
297,7,21,2016,134741,46.71919667,-61.82288,277,5,2,C,1,5,4,,,,,,,,,,,,,,,,,,,,,,,,
298,7,21,2016,134841,46.719475,-61.82619833,277,5,2,C,1,5,4,,,,,,,,,,,,,,,,,,,,,,,,
299,7,21,2016,134941,46.71972667,-61.82945333,277,5,2,C,1,5,4,,,,,,,,,,,,,,,,,,,,,,,,
300,7,21,2016,135041,46.71999,-61.83271667,275,5,2,C,1,5,4,,,,,,,,,,,,,,,,,,,,,,,,
301,7,21,2016,135141,46.72022167,-61.83598167,275,5,2,C,1,5,4,,,,,,,,,,,,,,,,,,,,,,,,
302,7,21,2016,135241,46.72044333,-61.839255,276,5,2,C,1,5,4,,,,,,,,,,,,,,,,,,,,,,,,
303,7,21,2016,135341,46.72065167,-61.84251833,277,5,2,C,1,5,4,,,,,,,,,,,,,,,,,,,,,,,,
304,7,21,2016,135441,46.720885,-61.84579833,276,5,2,C,1,5,4,,,,,,,,,,,,,,,,,,,,,,,,
305,7,21,2016,135541,46.72111333,-61.8491,276,5,2,C,1,5,4,,,,,,,,,,,,,,,,,,,,,,,,
306,7,21,2016,135641,46.72132667,-61.85240333,276,5,2,C,1,5,4,,,,,,,,,,,,,,,,,,,,,,,,
307,7,21,2016,135741,46.72158167,-61.85570667,276,5,2,C,1,5,4,,,,,,,,,,,,,,,,,,,,,,,,
308,7,21,2016,135841,46.72182333,-61.85901333,276,5,2,C,1,5,4,,,,,,,,,,,,,,,,,,,,,,,,
309,7,21,2016,135941,46.72206167,-61.862325,277,5,2,C,1,5,4,,,,,,,,,,,,,,,,,,,,,,,,
310,7,21,2016,140027,46.72226167,-61.864855,277,5,2,C,1,5,4,,,,,,,,,,,,,,,,,,,,,,,,"W/C JAC-P,DEC-S,KRH-R"
311,7,21,2016,140041,46.72231833,-61.86563167,278,5,2,C,1,5,4,,,,,,,,,,,,,,,,,,,,,,,,
312,7,21,2016,140141,46.722585,-61.86895333,278,5,2,C,1,5,4,,,,,,,,,,,,,,,,,,,,,,,,
313,7,21,2016,140241,46.72285167,-61.87229333,277,5,2,C,1,5,4,,,,,,,,,,,,,,,,,,,,,,,,
314,7,21,2016,140341,46.72315167,-61.87564,279,5,2,C,1,5,4,,,,,,,,,,,,,,,,,,,,,,,,
315,7,21,2016,140441,46.723445,-61.879,277,5,2,C,1,5,4,,,,,,,,,,,,,,,,,,,,,,,,
316,7,21,2016,140541,46.72374,-61.88235167,276,5,2,C,1,5,4,,,,,,,,,,,,,,,,,,,,,,,,
317,7,21,2016,140641,46.724015,-61.88570167,278,5,2,C,1,5,4,,,,,,,,,,,,,,,,,,,,,,,,
318,7,21,2016,140741,46.72430667,-61.88906,277,5,2,C,1,5,4,,,,,,,,,,,,,,,,,,,,,,,,
319,7,21,2016,140841,46.72456667,-61.89241,278,5,2,C,1,5,4,,,,,,,,,,,,,,,,,,,,,,,,
320,7,21,2016,140941,46.72484333,-61.89577667,276,5,2,C,1,5,4,,,,,,,,,,,,,,,,,,,,,,,,
321,7,21,2016,141041,46.72510833,-61.89914833,278,5,2,C,1,5,4,,,,,,,,,,,,,,,,,,,,,,,,
322,7,21,2016,141141,46.72536,-61.90248,278,5,2,C,1,5,4,,,,,,,,,,,,,,,,,,,,,,,,
323,7,21,2016,141241,46.7256,-61.90581833,276,5,2,C,1,5,4,,,,,,,,,,,,,,,,,,,,,,,,
324,7,21,2016,141341,46.72581833,-61.90917333,275,5,2,C,1,5,4,,,,,,,,,,,,,,,,,,,,,,,,
325,7,21,2016,141441,46.72605167,-61.912525,276,5,2,C,1,5,4,,,,,,,,,,,,,,,,,,,,,,,,
326,7,21,2016,141542,46.72628667,-61.91588167,276,5,2,C,1,5,4,,,,,,,,,,,,,,,,,,,,,,,,
327,7,21,2016,141642,46.726525,-61.919215,276,5,2,C,1,5,4,,,,,,,,,,,,,,,,,,,,,,,,
328,7,21,2016,141742,46.726755,-61.92257167,276,5,2,C,1,5,4,,,,,,,,,,,,,,,,,,,,,,,,
329,7,21,2016,141842,46.72690333,-61.92597167,272,5,2,C,1,5,4,,,,,,,,,,,,,,,,,,,,,,,,
330,7,21,2016,141942,46.72705667,-61.92935833,273,5,2,C,1,5,4,,,,,,,,,,,,,,,,,,,,,,,,
331,7,21,2016,142042,46.727205,-61.932725,274,5,2,C,1,5,4,,,,,,,,,,,,,,,,,,,,,,,,
332,7,21,2016,142142,46.72734667,-61.93610333,273,5,2,C,1,5,4,,,,,,,,,,,,,,,,,,,,,,,,
333,7,21,2016,142242,46.72749667,-61.93948333,274,5,2,C,1,5,4,,,,,,,,,,,,,,,,,,,,,,,,
334,7,21,2016,142342,46.72767,-61.94284167,273,5,2,C,1,5,4,,,,,,,,,,,,,,,,,,,,,,,,
335,7,21,2016,142442,46.72752,-61.94628833,266,5,2,C,1,5,4,,,,,,,,,,,,,,,,,,,,,,,,
336,7,21,2016,142542,46.72734833,-61.94969667,265,5,2,C,1,5,4,,,,,,,,,,,,,,,,,,,,,,,,
337,7,21,2016,142642,46.727115,-61.95312167,265,5,2,C,1,5,4,,,,,,,,,,,,,,,,,,,,,,,,
338,7,21,2016,142742,46.726885,-61.95650667,264,5,2,C,1,5,4,,,,,,,,,,,,,,,,,,,,,,,,
339,7,21,2016,142842,46.72666,-61.95990333,264,5,2,C,1,5,4,,,,,,,,,,,,,,,,,,,,,,,,
340,7,21,2016,142942,46.72639333,-61.963315,262,5,2,C,1,5,4,,,,,,,,,,,,,,,,,,,,,,,,
341,7,21,2016,143042,46.72607,-61.966695,261,5,2,C,1,5,4,,,,,,,,,,,,,,,,,,,,,,,,
342,7,21,2016,143142,46.725655,-61.97016333,260,5,2,C,1,5,4,,,,,,,,,,,,,,,,,,,,,,,,
343,7,21,2016,143242,46.725245,-61.97359,261,5,2,C,1,5,4,,,,,,,,,,,,,,,,,,,,,,,,
344,7,21,2016,143342,46.724855,-61.97694833,260,5,2,C,1,5,4,,,,,,,,,,,,,,,,,,,,,,,,
345,7,21,2016,143442,46.72444667,-61.98034167,261,5,2,C,1,5,4,,,,,,,,,,,,,,,,,,,,,,,,
346,7,21,2016,143542,46.72404167,-61.98376333,260,5,2,C,1,5,4,,,,,,,,,,,,,,,,,,,,,,,,
347,7,21,2016,143642,46.72363833,-61.987145,260,5,2,C,1,5,4,,,,,,,,,,,,,,,,,,,,,,,,
348,7,21,2016,143742,46.72328,-61.99056,263,5,2,C,1,5,4,,,,,,,,,,,,,,,,,,,,,,,,
349,7,21,2016,143842,46.72294,-61.99396,261,5,2,C,1,5,4,,,,,,,,,,,,,,,,,,,,,,,,
350,7,21,2016,143942,46.72261333,-61.997395,262,5,2,C,1,5,4,,,,,,,,,,,,,,,,,,,,,,,,
351,7,21,2016,144042,46.72230833,-62.00081667,263,5,2,C,1,5,4,,,,,,,,,,,,,,,,,,,,,,,,
352,7,21,2016,144142,46.72201,-62.00425667,263,5,2,C,1,5,4,,,,,,,,,,,,,,,,,,,,,,,,
353,7,21,2016,144242,46.72176167,-62.00769167,264,5,2,C,1,5,4,,,,,,,,,,,,,,,,,,,,,,,,
354,7,21,2016,144342,46.721555,-62.01108667,266,5,2,C,1,5,4,,,,,,,,,,,,,,,,,,,,,,,,
355,7,21,2016,144442,46.72138833,-62.014525,266,5,2,C,1,5,4,,,,,,,,,,,,,,,,,,,,,,,,
356,7,21,2016,144542,46.72131667,-62.017935,268,5,2,C,1,5,4,,,,,,,,,,,,,,,,,,,,,,,,
357,7,21,2016,144642,46.72126667,-62.02138333,270,5,2,C,1,5,4,,,,,,,,,,,,,,,,,,,,,,,,
358,7,21,2016,144742,46.721195,-62.02484833,268,5,2,C,1,5,4,,,,,,,,,,,,,,,,,,,,,,,,
359,7,21,2016,144842,46.72114,-62.02826833,269,5,2,C,1,5,4,,,,,,,,,,,,,,,,,,,,,,,,
360,7,21,2016,144942,46.72110167,-62.03172,268,5,2,C,1,5,4,,,,,,,,,,,,,,,,,,,,,,,,
361,7,21,2016,145042,46.72106667,-62.035155,269,5,2,C,1,5,4,,,,,,,,,,,,,,,,,,,,,,,,
362,7,21,2016,145142,46.72102,-62.038595,269,5,2,C,1,5,4,,,,,,,,,,,,,,,,,,,,,,,,
363,7,21,2016,145200,46.72100167,-62.039635,269,5,2,C,1,5,4,57,TUNS,1,2,9,,,1,,,,,,,,,,,,,,,,
364,7,21,2016,145242,46.72098333,-62.042075,269,5,2,C,1,5,4,,,,,,,,,,,,,,,,,,,,,,,,
365,7,21,2016,145342,46.72091,-62.04555833,266,5,2,C,1,5,4,,,,,,,,,,,,,,,,,,,,,,,,
366,7,21,2016,145442,46.72051,-62.04902833,253,5,2,C,1,5,4,,,,,,,,,,,,,,,,,,,,,,,,
367,7,21,2016,145524,46.71983167,-62.051305,253,5,2,C,1,5,4,58,FG-U,9,1,0,,,1,,,,,,,,,,,,,,,,PROBABLE CRAB GEAR
368,7,21,2016,145536,46.71960667,-62.05193333,253,5,2,C,1,5,4,,,,,,,,,,,,,,,,,,,,,,,,"W/C: PKH-P, PAD-S, JCA-R"
369,7,21,2016,145542,46.71949,-62.052245,242,5,2,C,1,5,4,,,,,,,,,,,,,,,,,,,,,,,,
370,7,21,2016,145642,46.71835833,-62.055385,243,5,2,C,1,5,4,,,,,,,,,,,,,,,,,,,,,,,,
371,7,21,2016,145742,46.71721667,-62.05854,242,5,2,C,1,5,4,,,,,,,,,,,,,,,,,,,,,,,,
372,7,21,2016,145842,46.71607333,-62.06167167,243,5,2,C,1,5,4,,,,,,,,,,,,,,,,,,,,,,,,
373,7,21,2016,145942,46.71490833,-62.064805,241,5,2,C,1,5,4,,,,,,,,,,,,,,,,,,,,,,,,
374,7,21,2016,150042,46.71369833,-62.06786833,240,5,2,C,1,5,4,,,,,,,,,,,,,,,,,,,,,,,,
375,7,21,2016,150142,46.71246833,-62.07092833,239,5,2,C,1,5,4,,,,,,,,,,,,,,,,,,,,,,,,
376,7,21,2016,150242,46.71124667,-62.07398833,241,5,2,C,1,5,4,,,,,,,,,,,,,,,,,,,,,,,,
377,7,21,2016,150342,46.71003,-62.07705167,240,5,2,C,1,5,4,,,,,,,,,,,,,,,,,,,,,,,,
378,7,21,2016,150402,46.709625,-62.07806667,240,5,2,C,1,5,4,59,TUNS,3,1,9,,,1,,,,,,,,,,,,,,,,
379,7,21,2016,150442,46.70879667,-62.08006333,230,5,2,C,1,5,4,,,,,,,,,,,,,,,,,,,,,,,,
380,7,21,2016,150542,46.70642833,-62.08132833,182,5,2,C,1,5,4,,,,,,,,,,,,,,,,,,,,,,,,
381,7,21,2016,150642,46.703725,-62.08093167,172,5,2,C,1,5,4,,,,,,,,,,,,,,,,,,,,,,,,
382,7,21,2016,150742,46.70105,-62.08048167,174,5,2,C,1,5,4,,,,,,,,,,,,,,,,,,,,,,,,
383,7,21,2016,150842,46.69837333,-62.079985,173,5,2,C,1,5,4,,,,,,,,,,,,,,,,,,,,,,,,
384,7,21,2016,150942,46.69569667,-62.07950667,173,5,2,C,1,5,4,,,,,,,,,,,,,,,,,,,,,,,,
385,7,21,2016,151042,46.69304333,-62.079025,175,5,2,C,1,5,4,,,,,,,,,,,,,,,,,,,,,,,,
386,7,21,2016,151142,46.690385,-62.07858333,175,5,2,C,1,5,4,,,,,,,,,,,,,,,,,,,,,,,,
387,7,21,2016,151242,46.68774667,-62.07814167,174,5,2,C,1,5,4,,,,,,,,,,,,,,,,,,,,,,,,
388,7,21,2016,151342,46.68513,-62.07767167,174,5,2,C,1,5,4,,,,,,,,,,,,,,,,,,,,,,,,
389,7,21,2016,151442,46.68246167,-62.07716167,175,5,2,C,1,5,4,,,,,,,,,,,,,,,,,,,,,,,,
390,7,21,2016,151542,46.67983167,-62.07673,172,5,2,C,1,5,4,,,,,,,,,,,,,,,,,,,,,,,,
391,7,21,2016,151642,46.67721667,-62.07632,175,5,2,C,1,5,4,,,,,,,,,,,,,,,,,,,,,,,,
392,7,21,2016,151742,46.674595,-62.07588167,170,5,2,C,1,5,4,,,,,,,,,,,,,,,,,,,,,,,,
393,7,21,2016,151842,46.67197333,-62.07543,174,5,2,C,1,5,4,,,,,,,,,,,,,,,,,,,,,,,,
394,7,21,2016,151942,46.66932667,-62.07497333,176,5,2,C,1,5,4,,,,,,,,,,,,,,,,,,,,,,,,
395,7,21,2016,152042,46.66669833,-62.074535,173,5,2,C,1,5,4,,,,,,,,,,,,,,,,,,,,,,,,
396,7,21,2016,152142,46.66407167,-62.07411167,173,5,2,C,1,5,4,,,,,,,,,,,,,,,,,,,,,,,,
397,7,21,2016,152242,46.66143333,-62.07369833,173,5,2,C,1,5,4,,,,,,,,,,,,,,,,,,,,,,,,
398,7,21,2016,152342,46.65882,-62.07328,175,5,2,C,1,5,4,,,,,,,,,,,,,,,,,,,,,,,,
399,7,21,2016,152442,46.656185,-62.07287333,175,5,2,C,1,5,4,,,,,,,,,,,,,,,,,,,,,,,,
400,7,21,2016,152542,46.653545,-62.07248667,174,5,2,C,1,5,4,,,,,,,,,,,,,,,,,,,,,,,,
401,7,21,2016,152642,46.650955,-62.07208167,174,5,2,C,1,5,4,,,,,,,,,,,,,,,,,,,,,,,,
402,7,21,2016,152742,46.64832,-62.07171167,173,5,2,C,1,5,4,,,,,,,,,,,,,,,,,,,,,,,,
403,7,21,2016,152843,46.64566833,-62.07132,173,5,2,C,1,5,4,,,,,,,,,,,,,,,,,,,,,,,,
404,7,21,2016,152943,46.64303833,-62.07090167,173,5,2,C,1,5,4,,,,,,,,,,,,,,,,,,,,,,,,
405,7,21,2016,153043,46.64040667,-62.07051833,174,5,2,C,1,5,4,,,,,,,,,,,,,,,,,,,,,,,,
406,7,21,2016,153143,46.63778,-62.07014,174,5,2,C,1,5,4,,,,,,,,,,,,,,,,,,,,,,,,
407,7,21,2016,153243,46.63515333,-62.06973333,174,5,2,C,1,5,4,,,,,,,,,,,,,,,,,,,,,,,,
408,7,21,2016,153343,46.63251,-62.06934167,175,5,2,C,1,5,4,,,,,,,,,,,,,,,,,,,,,,,,
409,7,21,2016,153443,46.62989333,-62.06892833,173,5,2,C,1,5,4,,,,,,,,,,,,,,,,,,,,,,,,
410,7,21,2016,153543,46.62727167,-62.06854167,174,5,2,C,1,5,4,,,,,,,,,,,,,,,,,,,,,,,,
411,7,21,2016,153643,46.62464833,-62.068205,175,5,2,C,1,5,4,,,,,,,,,,,,,,,,,,,,,,,,
412,7,21,2016,153743,46.62203167,-62.06782,176,5,2,C,1,5,4,,,,,,,,,,,,,,,,,,,,,,,,
413,7,21,2016,153843,46.61942,-62.067455,176,5,2,C,1,5,4,,,,,,,,,,,,,,,,,,,,,,,,
414,7,21,2016,153943,46.616815,-62.067165,177,5,2,C,1,5,4,,,,,,,,,,,,,,,,,,,,,,,,
415,7,21,2016,154043,46.614205,-62.06686,178,5,2,C,1,5,4,,,,,,,,,,,,,,,,,,,,,,,,
416,7,21,2016,154143,46.611615,-62.06653833,175,5,2,C,1,5,4,,,,,,,,,,,,,,,,,,,,,,,,
417,7,21,2016,154243,46.60901333,-62.06628,176,5,2,C,1,5,4,,,,,,,,,,,,,,,,,,,,,,,,
418,7,21,2016,154343,46.60642,-62.06600667,177,5,2,C,1,5,4,,,,,,,,,,,,,,,,,,,,,,,,
419,7,21,2016,154443,46.60383167,-62.06575333,174,5,2,C,1,5,4,,,,,,,,,,,,,,,,,,,,,,,,
420,7,21,2016,154543,46.60124333,-62.06546667,176,5,2,C,1,5,4,,,,,,,,,,,,,,,,,,,,,,,,
421,7,21,2016,154643,46.59866833,-62.065245,177,5,2,C,1,5,4,,,,,,,,,,,,,,,,,,,,,,,,
422,7,21,2016,154743,46.59608333,-62.06500333,177,5,2,C,1,5,4,,,,,,,,,,,,,,,,,,,,,,,,
423,7,21,2016,154843,46.59351667,-62.06479,177,5,2,C,1,5,4,,,,,,,,,,,,,,,,,,,,,,,,
424,7,21,2016,154848,46.5933,-62.06476,177,5,2,C,1,5,4,60,FG-U,9,1,0,,,1,,,,,,,,,,,,,,,,PROBABLE CRAB GEAR
425,7,21,2016,154902,46.592655,-62.06470333,177,5,2,C,1,5,4,61,FG-U,9,1,0,,,1,,,,,,,,,,,,,,,,PROBABLE CRAB GEAR
426,7,21,2016,154943,46.59094167,-62.06457333,177,5,2,C,1,5,4,,,,,,,,,,,,,,,,,,,,,,,,
427,7,21,2016,155036,46.588675,-62.064375,177,5,2,C,1,5,4,62,FG-U,9,1,0,,,1,,,,,,,,,,,,,,,,PROBABLE CRAB GEAR
428,7,21,2016,155043,46.58837833,-62.06435333,179,5,2,C,1,5,4,,,,,,,,,,,,,,,,,,,,,,,,
429,7,21,2016,155143,46.58578833,-62.06416167,177,5,2,C,1,5,4,,,,,,,,,,,,,,,,,,,,,,,,
430,7,21,2016,155243,46.58321667,-62.06391,178,5,2,C,1,5,4,,,,,,,,,,,,,,,,,,,,,,,,
431,7,21,2016,155343,46.58063667,-62.06373167,177,5,2,C,1,5,4,,,,,,,,,,,,,,,,,,,,,,,,
432,7,21,2016,155443,46.57805333,-62.06352,178,5,2,C,1,5,4,,,,,,,,,,,,,,,,,,,,,,,,
433,7,21,2016,155543,46.57546667,-62.06333667,178,5,2,C,1,5,4,,,,,,,,,,,,,,,,,,,,,,,,
434,7,21,2016,155643,46.57289333,-62.06311,176,5,2,C,1,5,4,,,,,,,,,,,,,,,,,,,,,,,,
435,7,21,2016,155743,46.57024333,-62.06286,176,5,2,C,1,5,4,,,,,,,,,,,,,,,,,,,,,,,,
436,7,21,2016,155843,46.56764667,-62.06256333,173,5,2,C,1,5,4,,,,,,,,,,,,,,,,,,,,,,,,
437,7,21,2016,155943,46.56525667,-62.06182333,142,5,2,C,1,5,4,,,,,,,,,,,,,,,,,,,,,,,,
438,7,21,2016,160043,46.56332833,-62.05999667,153,5,2,C,1,5,4,,,,,,,,,,,,,,,,,,,,,,,,
439,7,21,2016,160143,46.56203,-62.05846333,146,5,2,C,1,5,4,,,,,,,,,,,,,,,,,,,,,,,,
440,7,21,2016,160243,46.561625,-62.05800667,133,5,2,C,1,5,4,,,,,,,,,,,,,,,,,,,,,,,,
441,7,21,2016,160343,46.56144,-62.05754167,114,5,2,C,1,5,4,,,,,,,,,,,,,,,,,,,,,,,,
442,7,21,2016,160443,46.56003,-62.05693667,168,5,2,C,1,5,4,,,,,,,,,,,,,,,,,,,,,,,,
443,7,21,2016,160543,46.55770667,-62.056245,167,5,2,C,1,5,4,,,,,,,,,,,,,,,,,,,,,,,,
444,7,21,2016,160643,46.555355,-62.05566833,182,5,2,C,1,5,4,,,,,,,,,,,,,,,,,,,,,,,,
445,7,21,2016,160743,46.55305,-62.05575,184,5,2,C,1,5,4,,,,,,,,,,,,,,,,,,,,,,,,
446,7,21,2016,160843,46.55150167,-62.05736833,263,5,2,C,1,5,4,,,,,,,,,,,,,,,,,,,,,,,,
447,7,21,2016,160943,46.55156333,-62.059595,254,5,2,C,1,5,4,,,,,,,,,,,,,,,,,,,,,,,,
448,7,21,2016,161043,46.55134333,-62.05956667,129,5,2,C,1,5,4,,,,,,,,,,,,,,,,,,,,,,,,
449,7,21,2016,161143,46.55118833,-62.05905167,107,5,2,C,1,5,4,,,,,,,,,,,,,,,,,,,,,,,,
450,7,21,2016,161243,46.55108333,-62.058545,112,5,2,C,1,5,4,,,,,,,,,,,,,,,,,,,,,,,,
451,7,21,2016,161343,46.55095333,-62.058065,110,5,2,C,1,5,4,,,,,,,,,,,,,,,,,,,,,,,,
452,7,21,2016,161404,46.55091,-62.05790833,110,5,2,C,1,5,4,63,FIWH,3,1,0,,,1,,,,,,,,,,,,,,,,
453,7,21,2016,161443,46.54972167,-62.05785,182,5,2,C,1,5,4,,,,,,,,,,,,,,,,,,,,,,,,
454,7,21,2016,161543,46.54722667,-62.05800333,183,5,2,C,1,5,4,,,,,,,,,,,,,,,,,,,,,,,,
455,7,21,2016,161643,46.54473167,-62.05817333,183,5,2,C,1,5,4,,,,,,,,,,,,,,,,,,,,,,,,
456,7,21,2016,161743,46.54225333,-62.05839,182,5,2,C,1,5,4,,,,,,,,,,,,,,,,,,,,,,,,
457,7,21,2016,161843,46.53976,-62.05859167,183,5,2,C,1,5,4,,,,,,,,,,,,,,,,,,,,,,,,
458,7,21,2016,161943,46.537255,-62.05885,183,5,2,C,1,5,4,,,,,,,,,,,,,,,,,,,,,,,,
459,7,21,2016,162043,46.53476833,-62.05907,183,5,2,C,1,5,4,,,,,,,,,,,,,,,,,,,,,,,,
460,7,21,2016,162143,46.53226333,-62.05933333,183,5,2,C,1,5,4,,,,,,,,,,,,,,,,,,,,,,,,
461,7,21,2016,162243,46.52978167,-62.05964,184,5,2,C,1,5,4,,,,,,,,,,,,,,,,,,,,,,,,
462,7,21,2016,162343,46.527275,-62.05994167,183,5,2,C,1,5,4,,,,,,,,,,,,,,,,,,,,,,,,
463,7,21,2016,162443,46.52478,-62.06025167,184,5,2,C,1,5,4,,,,,,,,,,,,,,,,,,,,,,,,
464,7,21,2016,162543,46.52228667,-62.06049833,182,5,2,C,1,5,4,,,,,,,,,,,,,,,,,,,,,,,,
465,7,21,2016,162643,46.51979667,-62.060705,185,5,2,C,1,5,4,,,,,,,,,,,,,,,,,,,,,,,,
466,7,21,2016,162743,46.51730833,-62.06094833,182,5,2,C,1,5,4,,,,,,,,,,,,,,,,,,,,,,,,
467,7,21,2016,162843,46.51479333,-62.06103,181,5,2,C,1,5,4,,,,,,,,,,,,,,,,,,,,,,,,
468,7,21,2016,162943,46.51224333,-62.06111667,182,5,2,C,1,5,4,,,,,,,,,,,,,,,,,,,,,,,,
469,7,21,2016,163043,46.50971167,-62.06120667,182,5,2,C,1,5,4,,,,,,,,,,,,,,,,,,,,,,,,
470,7,21,2016,163143,46.507145,-62.06130833,183,5,2,C,1,5,4,,,,,,,,,,,,,,,,,,,,,,,,
471,7,21,2016,163243,46.50460333,-62.06146167,184,5,2,C,1,5,4,,,,,,,,,,,,,,,,,,,,,,,,
472,7,21,2016,163343,46.50206167,-62.06165333,182,5,2,C,1,5,4,,,,,,,,,,,,,,,,,,,,,,,,
473,7,21,2016,163443,46.49951,-62.06184833,183,5,2,C,1,5,4,,,,,,,,,,,,,,,,,,,,,,,,
474,7,21,2016,163543,46.49694333,-62.0621,185,5,2,C,1,5,4,,,,,,,,,,,,,,,,,,,,,,,,
475,7,21,2016,163643,46.49441167,-62.06236833,185,5,2,C,1,5,4,,,,,,,,,,,,,,,,,,,,,,,,
476,7,21,2016,163743,46.49185667,-62.06262167,184,5,2,C,1,5,4,,,,,,,,,,,,,,,,,,,,,,,,
477,7,21,2016,163843,46.489335,-62.06299333,185,5,2,C,1,5,4,,,,,,,,,,,,,,,,,,,,,,,,
478,7,21,2016,163905,46.48842,-62.06311,185,5,2,C,1,5,4,64,RECV,9,1,0,,,1,,,,,,,,,,,,,,,,
479,7,21,2016,163943,46.486825,-62.06342667,187,5,2,C,1,5,4,,,,,,,,,,,,,,,,,,,,,,,,
480,7,21,2016,163955,46.48627833,-62.06352667,187,5,5,C,1,5,4,,,,,,,,,,,,,,,,,,,,,,,,"END WATCH, ARRIVED AT NORTH LAKE, PEI "
481,7,21,2016,164043,46.484265,-62.063905,187,5,0,C,1,5,4,,,,,,,,,,,,,,,,,,,,,,,,
482,7,21,2016,164143,46.48179167,-62.06439667,189,5,0,C,1,5,4,,,,,,,,,,,,,,,,,,,,,,,,
483,7,21,2016,164243,46.47931333,-62.06493,188,5,0,C,1,5,4,,,,,,,,,,,,,,,,,,,,,,,,
484,7,21,2016,164344,46.47743833,-62.06700333,253,5,0,C,1,5,4,,,,,,,,,,,,,,,,,,,,,,,,
485,7,21,2016,164444,46.47861833,-62.07000667,319,5,0,C,1,5,4,,,,,,,,,,,,,,,,,,,,,,,,
486,7,21,2016,164544,46.480335,-62.072685,311,5,0,C,1,5,4,,,,,,,,,,,,,,,,,,,,,,,,
487,7,21,2016,164644,46.48204667,-62.075455,312,5,0,C,1,5,4,,,,,,,,,,,,,,,,,,,,,,,,
488,7,21,2016,164744,46.48375667,-62.07823,310,5,0,C,1,5,4,,,,,,,,,,,,,,,,,,,,,,,,
489,7,21,2016,164844,46.48483333,-62.08089667,297,5,0,C,1,5,4,,,,,,,,,,,,,,,,,,,,,,,,
490,7,21,2016,164944,46.485155,-62.08076667,111,5,0,C,1,5,4,,,,,,,,,,,,,,,,,,,,,,,,
491,7,21,2016,165044,46.48493,-62.07859333,100,5,0,C,1,5,4,,,,,,,,,,,,,,,,,,,,,,,,
492,7,21,2016,165144,46.48466667,-62.07645,96,5,0,C,1,5,4,,,,,,,,,,,,,,,,,,,,,,,,
493,7,21,2016,165244,46.48478167,-62.07439833,77,5,0,C,1,5,4,,,,,,,,,,,,,,,,,,,,,,,,
494,7,21,2016,165344,46.48542167,-62.07258333,54,5,0,C,1,5,4,,,,,,,,,,,,,,,,,,,,,,,,
495,7,21,2016,165444,46.48527667,-62.07063333,113,5,0,C,1,5,4,,,,,,,,,,,,,,,,,,,,,,,,
496,7,21,2016,165544,46.484475,-62.06890333,132,5,0,C,1,5,4,,,,,,,,,,,,,,,,,,,,,,,,
497,7,21,2016,165644,46.48401,-62.067175,82,5,0,C,1,5,4,,,,,,,,,,,,,,,,,,,,,,,,
498,7,21,2016,165744,46.48362167,-62.06509333,113,5,0,C,1,5,4,,,,,,,,,,,,,,,,,,,,,,,,
499,7,21,2016,165844,46.48334,-62.06295,85,5,0,C,1,5,4,,,,,,,,,,,,,,,,,,,,,,,,
500,7,21,2016,165944,46.48382833,-62.06088333,60,5,0,C,1,5,4,,,,,,,,,,,,,,,,,,,,,,,,
501,7,21,2016,170044,46.484615,-62.059055,90,5,0,C,1,5,4,,,,,,,,,,,,,,,,,,,,,,,,
502,7,21,2016,170144,46.48375333,-62.058485,195,5,0,C,1,5,4,,,,,,,,,,,,,,,,,,,,,,,,
503,7,21,2016,170244,46.483495,-62.05867333,200,5,0,C,1,5,4,,,,,,,,,,,,,,,,,,,,,,,,
504,7,21,2016,170344,46.48337,-62.05872,185,5,0,C,1,5,4,,,,,,,,,,,,,,,,,,,,,,,,
505,7,21,2016,170444,46.48264667,-62.05953833,213,5,0,C,1,5,4,,,,,,,,,,,,,,,,,,,,,,,,
506,7,21,2016,170544,46.48064,-62.06103833,204,5,0,C,1,5,4,,,,,,,,,,,,,,,,,,,,,,,,
507,7,21,2016,170644,46.47830833,-62.06228667,200,5,0,C,1,5,4,,,,,,,,,,,,,,,,,,,,,,,,
508,7,21,2016,170744,46.475975,-62.0637,200,5,0,C,1,5,4,,,,,,,,,,,,,,,,,,,,,,,,
509,7,21,2016,170844,46.47365,-62.06490667,199,5,0,C,1,5,4,,,,,,,,,,,,,,,,,,,,,,,,
510,7,21,2016,170944,46.47163,-62.06634833,207,5,0,C,1,5,4,,,,,,,,,,,,,,,,,,,,,,,,
511,7,21,2016,171044,46.46994167,-62.06739,196,5,0,C,1,5,4,,,,,,,,,,,,,,,,,,,,,,,,
512,7,21,2016,171144,46.47078833,-62.06712167,4,5,0,C,1,5,4,,,,,,,,,,,,,,,,,,,,,,,,
513,7,21,2016,171244,46.47190667,-62.06638833,28,5,0,C,1,5,4,,,,,,,,,,,,,,,,,,,,,,,,
514,7,21,2016,171344,46.47372167,-62.064225,58,5,0,C,1,5,4,,,,,,,,,,,,,,,,,,,,,,,,
515,7,21,2016,171444,46.47488667,-62.06117167,79,5,0,C,1,5,4,,,,,,,,,,,,,,,,,,,,,,,,
516,7,21,2016,171544,46.475365,-62.05766,79,5,0,C,1,5,4,,,,,,,,,,,,,,,,,,,,,,,,
517,7,21,2016,171644,46.47580167,-62.05427,81,5,0,C,1,5,4,,,,,,,,,,,,,,,,,,,,,,,,
518,7,21,2016,171744,46.47620667,-62.05083,82,5,0,C,1,5,4,,,,,,,,,,,,,,,,,,,,,,,,
519,7,21,2016,171844,46.476605,-62.04739833,82,5,0,C,1,5,4,,,,,,,,,,,,,,,,,,,,,,,,
520,7,21,2016,171944,46.47699667,-62.04393333,79,5,0,C,1,5,4,,,,,,,,,,,,,,,,,,,,,,,,
521,7,21,2016,172044,46.47736,-62.04047167,82,5,0,C,1,5,4,,,,,,,,,,,,,,,,,,,,,,,,
522,7,21,2016,172144,46.47757,-62.03700167,89,5,0,C,1,5,4,,,,,,,,,,,,,,,,,,,,,,,,
523,7,21,2016,172244,46.47744667,-62.03349833,99,5,0,C,1,5,4,,,,,,,,,,,,,,,,,,,,,,,,
524,7,21,2016,172344,46.47717333,-62.02996,97,5,0,C,1,5,4,,,,,,,,,,,,,,,,,,,,,,,,
525,7,21,2016,172444,46.47682167,-62.02647167,99,5,0,C,1,5,4,,,,,,,,,,,,,,,,,,,,,,,,
526,7,21,2016,172544,46.47638333,-62.02300167,99,5,0,C,1,5,4,,,,,,,,,,,,,,,,,,,,,,,,
527,7,21,2016,172644,46.47599,-62.01952667,97,5,0,C,1,5,4,,,,,,,,,,,,,,,,,,,,,,,,
528,7,21,2016,172744,46.47568,-62.01602833,98,5,0,C,1,5,4,,,,,,,,,,,,,,,,,,,,,,,,
529,7,21,2016,172844,46.47522833,-62.01260833,104,5,0,C,1,5,4,,,,,,,,,,,,,,,,,,,,,,,,
530,7,21,2016,172944,46.47448833,-62.00921,106,5,0,C,1,5,4,,,,,,,,,,,,,,,,,,,,,,,,
531,7,21,2016,173044,46.47375,-62.00585333,106,5,0,C,1,5,4,,,,,,,,,,,,,,,,,,,,,,,,
532,7,21,2016,173144,46.47298833,-62.002515,108,5,0,C,1,5,4,,,,,,,,,,,,,,,,,,,,,,,,
533,7,21,2016,173244,46.472235,-61.99918667,108,5,0,C,1,5,4,,,,,,,,,,,,,,,,,,,,,,,,
534,7,21,2016,173344,46.47145,-61.99589167,109,5,0,C,1,5,4,,,,,,,,,,,,,,,,,,,,,,,,
535,7,21,2016,173444,46.47067,-61.99259333,110,5,0,C,1,5,4,,,,,,,,,,,,,,,,,,,,,,,,
536,7,21,2016,173544,46.46985833,-61.98929333,110,5,0,C,1,5,4,,,,,,,,,,,,,,,,,,,,,,,,
537,7,21,2016,173602,46.46962833,-61.98829,110,5,1,C,2,5,3,,,,,,,,,,,,,,,,,,,,,,,,"BACK ON WATCH, LEAVING NORTH LAKE"
538,7,21,2016,173624,46.46933833,-61.98714833,110,5,2,C,2,5,3,,,,,,,,,,,,,,,,,,,,,,,,"DMM-P, KRH-S, PKH-R"
539,7,21,2016,173644,46.46902667,-61.98600167,110,5,2,C,2,5,3,,,,,,,,,,,,,,,,,,,,,,,,
540,7,21,2016,173705,46.46875167,-61.98483,110,5,2,C,2,5,3,65,FV-U,9,1,0,,,1,,,,,,,,,,,,,,,,
541,7,21,2016,173744,46.46824333,-61.982665,109,5,2,C,2,5,3,,,,,,,,,,,,,,,,,,,,,,,,
542,7,21,2016,173844,46.46733167,-61.97935167,112,5,2,C,2,5,3,,,,,,,,,,,,,,,,,,,,,,,,
543,7,21,2016,173921,46.46679667,-61.97727333,112,5,2,C,2,5,3,66,FV-U,9,1,0,,,1,,,,,,,,,,,,,,,,
544,7,21,2016,173944,46.466545,-61.97595,104,5,2,C,2,5,3,,,,,,,,,,,,,,,,,,,,,,,,
545,7,21,2016,174044,46.46582833,-61.97251,107,5,2,C,2,5,3,,,,,,,,,,,,,,,,,,,,,,,,
546,7,21,2016,174144,46.46507,-61.96902,106,5,2,C,2,5,3,,,,,,,,,,,,,,,,,,,,,,,,
547,7,21,2016,174244,46.46427,-61.96554333,116,5,2,C,2,5,3,,,,,,,,,,,,,,,,,,,,,,,,
548,7,21,2016,174344,46.463075,-61.96223,122,5,2,C,2,5,3,,,,,,,,,,,,,,,,,,,,,,,,
549,7,21,2016,174444,46.46167333,-61.95894167,119,5,2,C,2,5,3,,,,,,,,,,,,,,,,,,,,,,,,
550,7,21,2016,174544,46.46014333,-61.955735,123,5,2,C,2,5,3,,,,,,,,,,,,,,,,,,,,,,,,
551,7,21,2016,174644,46.45845333,-61.95268167,144,5,2,C,2,5,3,,,,,,,,,,,,,,,,,,,,,,,,
552,7,21,2016,174744,46.45629167,-61.95085833,155,5,2,C,2,5,3,,,,,,,,,,,,,,,,,,,,,,,,
553,7,21,2016,174844,46.45401667,-61.94979667,171,5,2,C,2,5,3,,,,,,,,,,,,,,,,,,,,,,,,
554,7,21,2016,174944,46.45184,-61.95015833,191,5,2,C,2,5,3,,,,,,,,,,,,,,,,,,,,,,,,
555,7,21,2016,175044,46.44972667,-61.95082833,195,5,2,C,2,5,3,,,,,,,,,,,,,,,,,,,,,,,,
556,7,21,2016,175144,46.44765833,-61.95166833,195,5,2,C,2,5,3,,,,,,,,,,,,,,,,,,,,,,,,
557,7,21,2016,175145,46.44762333,-61.95168333,195,5,2,C,2,5,3,67,UNDO,3,2,0,,,1,,,,,,,,,,,,,,,,
558,7,21,2016,175244,46.44557167,-61.952545,194,5,2,C,2,5,3,,,,,,,,,,,,,,,,,,,,,,,,
559,7,21,2016,175344,46.44346333,-61.953385,194,5,2,C,2,5,3,,,,,,,,,,,,,,,,,,,,,,,,
560,7,21,2016,175355,46.44308,-61.95353667,194,5,2,C,2,5,2,,,,,,,,,,,,,,,,,,,,,,,,
561,7,21,2016,175420,46.44221833,-61.95388167,194,5,2,C,2,5,1,,,,,,,,,,,,,,,,,,,,,,,,
562,7,21,2016,175444,46.44140167,-61.95424333,197,5,2,C,2,5,1,,,,,,,,,,,,,,,,,,,,,,,,
563,7,21,2016,175544,46.43937833,-61.95511667,201,5,2,C,2,5,1,,,,,,,,,,,,,,,,,,,,,,,,
564,7,21,2016,175645,46.43741833,-61.956305,203,5,2,C,2,5,1,,,,,,,,,,,,,,,,,,,,,,,,
565,7,21,2016,175745,46.435555,-61.957625,218,5,2,C,2,5,1,,,,,,,,,,,,,,,,,,,,,,,,
566,7,21,2016,175845,46.43398833,-61.95956833,225,5,2,C,2,5,1,,,,,,,,,,,,,,,,,,,,,,,,
567,7,21,2016,175945,46.43264333,-61.96191333,240,5,2,C,2,5,1,,,,,,,,,,,,,,,,,,,,,,,,
568,7,21,2016,180017,46.43204333,-61.96335333,240,5,2,C,2,5,1,68,SV-S,9,1,0,,,1,,,,,,,,,,,,,,,,
569,7,21,2016,180045,46.43154167,-61.964535,239,5,2,C,2,5,1,,,,,,,,,,,,,,,,,,,,,,,,
570,7,21,2016,180145,46.43042333,-61.96714333,239,5,2,C,2,5,1,,,,,,,,,,,,,,,,,,,,,,,,
571,7,21,2016,180245,46.4293,-61.96971833,236,5,2,C,2,5,1,,,,,,,,,,,,,,,,,,,,,,,,
572,7,21,2016,180304,46.42892,-61.97057833,236,5,2,C,2,5,1,68,GRSE,3,1,0,,,1,,,,,,,,,,,,,,,,
573,7,21,2016,180345,46.42815833,-61.97232333,239,5,2,C,2,5,1,,,,,,,,,,,,,,,,,,,,,,,,
574,7,21,2016,180445,46.42698667,-61.97487333,237,5,2,C,2,5,1,,,,,,,,,,,,,,,,,,,,,,,,
575,7,21,2016,180545,46.42581167,-61.97745,237,5,2,C,2,5,1,,,,,,,,,,,,,,,,,,,,,,,,
576,7,21,2016,180645,46.42466167,-61.98003,236,5,2,C,2,5,1,,,,,,,,,,,,,,,,,,,,,,,,
577,7,21,2016,180745,46.42345333,-61.9826,236,5,2,C,2,5,1,,,,,,,,,,,,,,,,,,,,,,,,
578,7,21,2016,180845,46.42225167,-61.985175,237,5,2,C,2,5,1,,,,,,,,,,,,,,,,,,,,,,,,
579,7,21,2016,180945,46.42106667,-61.98770333,236,5,2,C,2,5,1,,,,,,,,,,,,,,,,,,,,,,,,
580,7,21,2016,181000,46.42077833,-61.988345,236,5,2,C,2,5,1,69,FE-S,9,1,0,,,1,,,,,,,,,,,,,,,,
581,7,21,2016,181045,46.41988667,-61.99023,235,5,2,C,2,5,1,,,,,,,,,,,,,,,,,,,,,,,,
582,7,21,2016,181145,46.41871,-61.992705,234,5,2,C,2,5,1,,,,,,,,,,,,,,,,,,,,,,,,
583,7,21,2016,181245,46.41754333,-61.99517833,236,5,2,C,2,5,1,,,,,,,,,,,,,,,,,,,,,,,,
584,7,21,2016,181345,46.41630167,-61.99760333,234,5,2,C,2,5,1,,,,,,,,,,,,,,,,,,,,,,,,
585,7,21,2016,181445,46.41505333,-62,234,5,2,C,2,5,1,,,,,,,,,,,,,,,,,,,,,,,,
586,7,21,2016,181510,46.41452,-62.00098333,234,5,2,C,3,5,2,,,,,,,,,,,,,,,,,,,,,,,,
587,7,21,2016,181545,46.41379333,-62.00237667,233,5,2,C,3,5,2,,,,,,,,,,,,,,,,,,,,,,,,
588,7,21,2016,181645,46.41255167,-62.00475333,234,5,2,C,3,5,2,,,,,,,,,,,,,,,,,,,,,,,,
589,7,21,2016,181745,46.41127667,-62.007165,232,5,2,C,3,5,2,,,,,,,,,,,,,,,,,,,,,,,,
590,7,21,2016,181845,46.40999167,-62.00953833,232,5,2,C,3,5,2,,,,,,,,,,,,,,,,,,,,,,,,
591,7,21,2016,181945,46.40871667,-62.01183833,233,5,2,C,3,5,2,,,,,,,,,,,,,,,,,,,,,,,,
592,7,21,2016,182045,46.40744833,-62.01412333,232,5,2,C,3,5,2,,,,,,,,,,,,,,,,,,,,,,,,
593,7,21,2016,182145,46.40617833,-62.01640167,231,5,2,C,3,5,2,,,,,,,,,,,,,,,,,,,,,,,,
594,7,21,2016,182245,46.40490167,-62.01867833,235,5,2,C,3,5,2,,,,,,,,,,,,,,,,,,,,,,,,
595,7,21,2016,182345,46.40365667,-62.02099333,233,5,2,C,3,5,2,,,,,,,,,,,,,,,,,,,,,,,,
596,7,21,2016,182445,46.40240833,-62.02332167,233,5,2,C,3,5,2,,,,,,,,,,,,,,,,,,,,,,,,
597,7,21,2016,182545,46.40114,-62.02568,233,5,2,C,3,5,2,,,,,,,,,,,,,,,,,,,,,,,,
598,7,21,2016,182645,46.39987833,-62.02805,233,5,2,C,3,5,2,,,,,,,,,,,,,,,,,,,,,,,,
599,7,21,2016,182745,46.39863167,-62.03044833,233,5,2,C,3,5,2,,,,,,,,,,,,,,,,,,,,,,,,
600,7,21,2016,182845,46.39737333,-62.03286667,234,5,2,C,3,5,2,,,,,,,,,,,,,,,,,,,,,,,,
601,7,21,2016,182941,46.39621333,-62.03515,234,5,2,C,3,5,2,,,,,,,,,,,,,,,,,,,,,,,,"W/C: PAD-P, JCA-S, DDM-R - "
602,7,21,2016,182945,46.39612833,-62.035315,233,5,2,C,3,5,2,,,,,,,,,,,,,,,,,,,,,,,,
603,7,21,2016,183045,46.39489333,-62.03778333,235,5,2,C,3,5,2,,,,,,,,,,,,,,,,,,,,,,,,
604,7,21,2016,183145,46.39364333,-62.04025667,235,5,2,C,3,5,2,,,,,,,,,,,,,,,,,,,,,,,,
605,7,21,2016,183202,46.39328167,-62.04095833,235,5,2,C,3,5,1,,,,,,,,,,,,,,,,,,,,,,,,
606,7,21,2016,183245,46.39239,-62.04276333,235,5,2,C,3,5,1,,,,,,,,,,,,,,,,,,,,,,,,
607,7,21,2016,183345,46.391145,-62.04528667,234,5,2,C,3,5,1,,,,,,,,,,,,,,,,,,,,,,,,
608,7,21,2016,183445,46.38987667,-62.04782333,234,5,2,C,3,5,1,,,,,,,,,,,,,,,,,,,,,,,,
609,7,21,2016,183545,46.38861,-62.05038833,235,5,2,C,3,5,1,,,,,,,,,,,,,,,,,,,,,,,,
610,7,21,2016,183636,46.38754,-62.05257167,235,5,2,C,3,5,1,70,GRSE,3,1,0,,,1,,,,,,,,,,,,,,,,
611,7,21,2016,183645,46.38735167,-62.05296333,236,5,2,C,3,5,1,,,,,,,,,,,,,,,,,,,,,,,,
612,7,21,2016,183744,46.38608667,-62.05551333,236,5,2,C,3,5,1,71,GRSE,3,2,0,,,1,,,,,,,,,,,,,,,,
613,7,21,2016,183745,46.38606667,-62.05555667,235,5,2,C,3,5,1,,,,,,,,,,,,,,,,,,,,,,,,
614,7,21,2016,183845,46.38476167,-62.05818833,234,5,2,C,3,5,1,,,,,,,,,,,,,,,,,,,,,,,,
615,7,21,2016,183945,46.38343,-62.06084,234,5,2,C,3,5,1,,,,,,,,,,,,,,,,,,,,,,,,
616,7,21,2016,184045,46.38207833,-62.06352167,235,5,2,C,3,5,1,,,,,,,,,,,,,,,,,,,,,,,,
617,7,21,2016,184145,46.38071833,-62.066215,234,5,2,C,3,5,1,,,,,,,,,,,,,,,,,,,,,,,,
618,7,21,2016,184245,46.379365,-62.06895667,235,5,2,C,3,5,1,,,,,,,,,,,,,,,,,,,,,,,,
619,7,21,2016,184345,46.37800667,-62.07172,235,5,2,C,3,5,1,,,,,,,,,,,,,,,,,,,,,,,,
620,7,21,2016,184445,46.37662833,-62.07449167,234,5,2,C,3,5,1,,,,,,,,,,,,,,,,,,,,,,,,
621,7,21,2016,184545,46.37526333,-62.07728333,235,5,2,C,3,5,1,,,,,,,,,,,,,,,,,,,,,,,,
622,7,21,2016,184645,46.37388167,-62.080095,235,5,2,C,3,5,1,,,,,,,,,,,,,,,,,,,,,,,,
623,7,21,2016,184745,46.37251333,-62.08294,237,5,2,C,3,5,1,,,,,,,,,,,,,,,,,,,,,,,,
624,7,21,2016,184845,46.37121833,-62.08592833,239,5,2,C,3,5,1,,,,,,,,,,,,,,,,,,,,,,,,
625,7,21,2016,184945,46.36993167,-62.08890167,238,5,2,C,3,5,1,,,,,,,,,,,,,,,,,,,,,,,,
626,7,21,2016,185045,46.36864833,-62.09188167,238,5,2,C,3,5,1,,,,,,,,,,,,,,,,,,,,,,,,
627,7,21,2016,185145,46.36734333,-62.09488,238,5,2,C,3,5,1,,,,,,,,,,,,,,,,,,,,,,,,
628,7,21,2016,185245,46.36605333,-62.09789833,239,5,2,C,3,5,1,,,,,,,,,,,,,,,,,,,,,,,,
629,7,21,2016,185345,46.36476167,-62.10092167,238,5,2,C,3,5,1,,,,,,,,,,,,,,,,,,,,,,,,
630,7,21,2016,185445,46.36346333,-62.10393,239,5,2,C,3,5,1,,,,,,,,,,,,,,,,,,,,,,,,
631,7,21,2016,185540,46.36226667,-62.106625,239,5,2,C,3,5,1,72,HAPO,3,1,0,,,1,,,,,,,,,,,,,,,,
632,7,21,2016,185545,46.36212833,-62.10692333,236,5,2,C,3,5,1,,,,,,,,,,,,,,,,,,,,,,,,
633,7,21,2016,185645,46.360785,-62.10986167,237,5,2,C,3,5,1,,,,,,,,,,,,,,,,,,,,,,,,
634,7,21,2016,185745,46.35944333,-62.11279,236,5,2,C,3,5,1,,,,,,,,,,,,,,,,,,,,,,,,
635,7,21,2016,185845,46.3581,-62.11571667,236,5,2,C,3,5,1,,,,,,,,,,,,,,,,,,,,,,,,
636,7,21,2016,185945,46.35678333,-62.118645,237,5,2,C,3,5,1,,,,,,,,,,,,,,,,,,,,,,,,
637,7,21,2016,190045,46.35547167,-62.12166,237,5,2,C,3,5,1,,,,,,,,,,,,,,,,,,,,,,,,
638,7,21,2016,190145,46.35416333,-62.12468667,238,5,2,C,3,5,1,,,,,,,,,,,,,,,,,,,,,,,,
639,7,21,2016,190238,46.35302833,-62.12731,238,5,2,C,3,5,2,,,,,,,,,,,,,,,,,,,,,,,,
640,7,21,2016,190245,46.35285333,-62.127715,238,5,2,C,3,5,2,,,,,,,,,,,,,,,,,,,,,,,,
641,7,21,2016,190345,46.35163,-62.13081667,242,5,2,C,3,5,2,,,,,,,,,,,,,,,,,,,,,,,,
642,7,21,2016,190445,46.35051667,-62.13401333,243,5,2,C,3,5,2,,,,,,,,,,,,,,,,,,,,,,,,
643,7,21,2016,190545,46.349425,-62.13723,244,5,2,C,3,5,2,,,,,,,,,,,,,,,,,,,,,,,,
644,7,21,2016,190645,46.34844167,-62.14054667,250,5,2,C,3,5,2,,,,,,,,,,,,,,,,,,,,,,,,
645,7,21,2016,190745,46.34766333,-62.143955,253,5,2,C,3,5,2,,,,,,,,,,,,,,,,,,,,,,,,
646,7,21,2016,190845,46.34698833,-62.14745833,255,5,2,C,3,5,2,,,,,,,,,,,,,,,,,,,,,,,,
647,7,21,2016,190946,46.34631167,-62.15093667,255,5,2,C,3,5,2,,,,,,,,,,,,,,,,,,,,,,,,
648,7,21,2016,191018,46.34594667,-62.15278333,255,5,2,C,3,5,1,,,,,,,,,,,,,,,,,,,,,,,,
649,7,21,2016,191046,46.345615,-62.15440333,254,5,2,C,3,5,1,,,,,,,,,,,,,,,,,,,,,,,,
650,7,21,2016,191146,46.34493,-62.15785667,254,5,2,C,3,5,1,,,,,,,,,,,,,,,,,,,,,,,,
651,7,21,2016,191246,46.34421667,-62.16127333,254,5,2,C,3,5,1,,,,,,,,,,,,,,,,,,,,,,,,
652,7,21,2016,191346,46.34351333,-62.164725,253,5,2,C,3,5,1,,,,,,,,,,,,,,,,,,,,,,,,
653,7,21,2016,191410,46.34320167,-62.16616,253,5,2,C,3,5,1,73,RV-L,9,1,0,,,1,,,,,,,,,,,,,,,,DFO VESSEL WE THINK THIS IS THE TELOST CRUISE
654,7,21,2016,191446,46.34278,-62.16818833,253,5,2,C,3,5,1,,,,,,,,,,,,,,,,,,,,,,,,
655,7,21,2016,191546,46.34204833,-62.17163333,253,5,2,C,3,5,1,,,,,,,,,,,,,,,,,,,,,,,,
656,7,21,2016,191646,46.34129833,-62.175035,251,5,2,C,3,5,1,,,,,,,,,,,,,,,,,,,,,,,,
657,7,21,2016,191746,46.34049333,-62.17840667,251,5,2,C,3,5,1,,,,,,,,,,,,,,,,,,,,,,,,
658,7,21,2016,191758,46.34031333,-62.17916167,251,5,2,C,3,5,1,74,RECV,9,1,0,,,1,,,,,,,,,,,,,,,,
659,7,21,2016,191826,46.33994167,-62.18071167,251,5,5,C,3,5,1,,,,,,,,,,,,,,,,,,,,,,,,END WATCH FOR DAY
